companyID,jobID,companySize
00411460f7c92d2124a67ea0f4cb5f85,e5f6ad6ce374177eef023bf5d0c018b6,
1905aedab9bf2477edc068a355bba31a,185e65bc40581880c4f2c82958de8cfe,11-50
89fcd07f20b6785b92134bd6c1d0fa42,0537fb40a68c18da59a35c2bfe1ca554,101-200
acf4b89d3d503d8252c9c4ba75ddbf6d,b7ee6f5f9aa5cd17ca1aea43ce848496,1-10
fb7b9ffa5462084c5f4e7e85a093e6d7,efe937780e95574250dabe07151bdc23,
ac627ab1ccbdb62ec96e702f07f6425b,a1140a3d0df1c81e24ae954d935e8926,51-100
9ad6aaed513b73148b7d49f70afcfb32,eb86d510361fc23b59f18c1bc9802cc6,11-50
d707329bece455a462b58ce00d1194c9,3a835d3215755c435ef4fe9965a3f2a0,11-50
884d79963bd8bc0ae9b13a1aa71add73,3b5dca501ee1e6d8cd7b905f4e1bf723,11-50
2e65f2f2fdaf6c699b223c61b1b5ab89,b534ba68236ba543ae44b22bd110a1d6,1-10
217eedd1ba8c592db97d0dbe54c7adfc,c8ed21db4f678f3b13b9d5ee16489088,1-10
3b5dca501ee1e6d8cd7b905f4e1bf723,ccb0989662211f61edae2e26d58ea92f,11-50
fa14d4fe2f19414de3ebd9f63d5c0169,5737034557ef5b8c02c0e46513b98f90,11-50
6c4b761a28b734fe93831e3fb400ce87,dd77279f7d325eec933f05b1672f6a1f,
8fecb20817b3847419bb3de39a609afe,f74909ace68e51891440e4da0b65a70c,51-100
d34ab169b70c9dcd35e62896010cd9ff,847cc55b7032108eee6dd897f3bca8a5,51-100
66808e327dc79d135ba18e051673d906,3dd48ab31d016ffcbf3314df2b3cb9ce,
b5dc4e5d9b495d0196f61d45b26ef33e,8e82ab7243b7c66d768f1b8ce1c967eb,51-100
64223ccf70bbb65a3a4aceac37e21016,b137fdd1f79d56c7edf3365fea7520f2,1-10
a368b0de8b91cfb3f91892fbf1ebd4b2,38ca89564b2259401518960f7a06f94b,11-50
c4851e8e264415c4094e4e85b0baa7cc,53adaf494dc89ef7196d73636eb2451b,101-200
cdc0d6e63aa8e41c89689f54970bb35f,443cb001c138b2561a0d90720d6ce111,51-100
6c4b761a28b734fe93831e3fb400ce87,7f24d240521d99071c93af3917215ef7,
c5ab0bc60ac7929182aadd08703f1ec6,f9b902fc3289af4dd08de5d1de54f68f,
e0cf1f47118daebc5b16269099ad7347,19bc916108fc6938f52cb96f7e087941,11-50
c45147dee729311ef5b5c3003946c48f,cd00692c3bfe59267d5ecfac5310286c,
c058f544c737782deacefa532d9add4c,d490d7b4576290fa60eb31b5fc917ad1,101-200
0d7de1aca9299fe63f3e0041f02638a3,4f4adcbf8c6f66dcfc8a3282ac2bf10a,
495dabfd0ca768a3c3abd672079f48b6,2f29b6e3abc6ebdefb55456ea6ca5dc8,11-50
eddea82ad2755b24c4e168c5fc2ebd40,1e48c4420b7073bc11916c6c1de226bb,11-50
3328bdf9a4b9504b9398284244fe97c2,faa9afea49ef2ff029a833cccc778fd0,1000 이상
4b04a686b0ad13dce35fa99fa4161c65,46072631582fc240dd2674a7d063b040,11-50
c45147dee729311ef5b5c3003946c48f,1f50893f80d6830d62765ffad7721742,
68ce199ec2c5517597ce0a4d89620f55,e3796ae838835da0b6f6ea37bcf8bcb7,51-100
2dace78f80bc92e6d7493423d729448e,c3992e9a68c5ae12bd18488bc579b30d,51-100
4ea06fbc83cdd0a06020c35d50e1e89a,ef4e3b775c934dada217712d76f3d51f,51-100
4f6ffe13a5d75b2d6a3923922b3922e5,ffd52f3c7e12435a724a8f30fddadd9c,11-50
4ca82782c5372a547c104929f03fe7a9,4d5b995358e7798bc7e9d9db83c612a5,1-10
b73dfe25b4b8714c029b37a6ad3006fa,310dcbbf4cce62f762a2aaa148d556bd,
e4bb4c5173c2ce17fd8fcd40041c068f,17326d10d511828f6b34fa6d751739e2,11-50
68053af2923e00204c3ca7c6a3150cf7,93d65641ff3f1586614cf2c1ad240b6c,11-50
3b8a614226a953a8cd9526fca6fe9ba5,eddea82ad2755b24c4e168c5fc2ebd40,201-500
68053af2923e00204c3ca7c6a3150cf7,7750ca3559e5b8e1f44210283368fc16,11-50
d7322ed717dedf1eb4e6e52a37ea7bcd,8c6744c9d42ec2cb9e8885b54ff744d0,
7bb060764a818184ebb1cc0d43d382aa,430c3626b879b4005d41b8a46172e0c0,1-10
903ce9225fca3e988c2af215d4e544d3,2d6cc4b2d139a53512fb8cbb3086ae2e,11-50
22ac3c5a5bf0b520d281c122d1490650,dc6a70712a252123c40d2adba6a11d84,1-10
67c6a1e7ce56d3d6fa748ab6d9af3fd7,0eec27c419d0fe24e53c90338cdc8bc6,11-50
1be3bc32e6564055d5ca3e5a354acbef,9b72e31dac81715466cd580a448cf823,
512c5cad6c37edb98ae91c8a76c3a291,fed33392d3a48aa149a87a38b875ba4a,11-50
6c8dba7d0df1c4a79dd07646be9a26c8,aa169b49b583a2b5af89203c2b78c67c,1-10
632cee946db83e7a52ce5e8d6f0fed35,5ec91aac30eae62f4140325d09b9afd0,11-50
7eacb532570ff6858afd2723755ff790,4588e674d3f0faf985047d4c3f13ed0d,201-500
66808e327dc79d135ba18e051673d906,58238e9ae2dd305d79c2ebc8c1883422,
d34ab169b70c9dcd35e62896010cd9ff,6aab1270668d8cac7cef2566a1c5f569,51-100
c3c59e5f8b3e9753913f4d435b53c308,97e8527feaf77a97fc38f34216141515,11-50
16c222aa19898e5058938167c8ab6c57,3fe78a8acf5fda99de95303940a2420c,1-10
67c6a1e7ce56d3d6fa748ab6d9af3fd7,26337353b7962f533d78c762373b3318,11-50
c4851e8e264415c4094e4e85b0baa7cc,3eb71f6293a2a31f3569e10af6552658,101-200
a8c88a0055f636e4a163a5e3d16adab7,db85e2590b6109813dafa101ceb2faeb,1-10
fa14d4fe2f19414de3ebd9f63d5c0169,53fde96fcc4b4ce72d7739202324cd49,11-50
54f5f4071faca32ad5285fef87b78646,33ceb07bf4eeb3da587e268d663aba1a,11-50
4f6ffe13a5d75b2d6a3923922b3922e5,6cfe0e6127fa25df2a0ef2ae1067d915,11-50
07c5807d0d927dcd0980f86024e5208b,0188e8b8b014829e2fa0f430f0a95961,11-50
d86ea612dec96096c5e0fcc8dd42ab6d,934815ad542a4a7c5e8a2dfa04fea9f5,
5c936263f3428a40227908d5a3847c0b,d2ed45a52bc0edfa11c2064e9edee8bf,11-50
2291d2ec3b3048d1a6f86c2c4591b7e0,cf004fdc76fa1a4f25f62e0eb5261ca3,11-50
08419be897405321542838d77f855226,ff4d5fbbafdf976cfdc032e3bde78de5,11-50
3b8a614226a953a8cd9526fca6fe9ba5,a96b65a721e561e1e3de768ac819ffbb,201-500
64223ccf70bbb65a3a4aceac37e21016,b056eb1587586b71e2da9acfe4fbd19e,1-10
286674e3082feb7e5afb92777e48821f,b6a1085a27ab7bff7550f8a3bd017df8,11-50
3a066bda8c96b9478bb0512f0a43028c,fe709c654eac84d5239d1a12a4f71877,51-100
4f6ffe13a5d75b2d6a3923922b3922e5,caf1a3dfb505ffed0d024130f58c5cfa,11-50
192fc044e74dffea144f9ac5dc9f3395,0d0fd7c6e093f7b804fa0150b875b868,51-100
82cadb0649a3af4968404c9f6031b233,286674e3082feb7e5afb92777e48821f,201-500
4ea06fbc83cdd0a06020c35d50e1e89a,dd458505749b2941217ddd59394240e8,51-100
cdc0d6e63aa8e41c89689f54970bb35f,2de5d16682c3c35007e4e92982f1a2ba,51-100
66f041e16a60928b05a7e228a89c3799,b7b16ecf8ca53723593894116071700c,201-500
36a1694bce9815b7e38a9dad05ad42e0,d516b13671a4179d9b7b458a6ebdeb92,11-50
1e056d2b0ebd5c878c550da6ac5d3724,07c5807d0d927dcd0980f86024e5208b,11-50
846c260d715e5b854ffad5f70a516c88,55b37c5c270e5d84c793e486d798c01d,101-200
2b8a61594b1f4c4db0902a8a395ced93,fb7b9ffa5462084c5f4e7e85a093e6d7,51-100
4f87658ef0de194413056248a00ce009,58e4d44e550d0f7ee0a23d6b02d9b0db,11-50
33e8075e9970de0cfea955afd4644bb2,2b8a61594b1f4c4db0902a8a395ced93,1-10
cdc0d6e63aa8e41c89689f54970bb35f,9fe8593a8a330607d76796b35c64c600,51-100
be3159ad04564bfb90db9e32851ebf9c,816b112c6105b3ebd537828a39af4818,51-100
eddea82ad2755b24c4e168c5fc2ebd40,f33ba15effa5c10e873bf3842afb46a6,11-50
f899139df5e1059396431415e770c6dd,fc2c7c47b918d0c2d792a719dfb602ef,101-200
8c7bbbba95c1025975e548cee86dfadc,5a4b25aaed25c2ee1b74de72dc03c14e,
6081594975a764c8e3a691fa2b3a321d,afdec7005cc9f14302cd0474fd0f3c96,1-10
fe70c36866add1572a8e2b96bfede7bf,208e43f0e45c4c78cafadb83d2888cb6,1000 이상
54f5f4071faca32ad5285fef87b78646,4e4e53aa080247bc31d0eb4e7aeb07a0,11-50
ad3019b856147c17e82a5bead782d2a8,4e0cb6fb5fb446d1c92ede2ed8780188,1-10
3328bdf9a4b9504b9398284244fe97c2,47a658229eb2368a99f1d032c8848542,1000 이상
846c260d715e5b854ffad5f70a516c88,192fc044e74dffea144f9ac5dc9f3395,101-200
68ce199ec2c5517597ce0a4d89620f55,d395771085aab05244a4fb8fd91bf4ee,51-100
a01610228fe998f515a72dd730294d87,e6cb2a3c14431b55aa50c06529eaa21b,1-10
b5dc4e5d9b495d0196f61d45b26ef33e,f8c1f23d6a8d8d7904fc0ea8e066b3bb,51-100
08d98638c6fcd194a4b1e6992063e944,fccb60fb512d13df5083790d64c4d5dd,11-50
e49b8b4053df9505e1f48c3a701c0682,995e1fda4a2b5f55ef0df50868bf2a8f,51-100
3328bdf9a4b9504b9398284244fe97c2,20b5e1cf8694af7a3c1ba4a87f073021,1000 이상
7750ca3559e5b8e1f44210283368fc16,a8c88a0055f636e4a163a5e3d16adab7,11-50
b5dc4e5d9b495d0196f61d45b26ef33e,54a367d629152b720749e187b3eaa11b,51-100
3621f1454cacf995530ea53652ddf8fb,04ecb1fa28506ccb6f72b12c0245ddbc,201-500
a60937eba57758ed45b6d3e91e8659f3,801c14f07f9724229175b8ef8b4585a8,201-500
5807a685d1a9ab3b599035bc566ce2b9,ebd9629fc3ae5e9f6611e2ee05a31cef,11-50
3328bdf9a4b9504b9398284244fe97c2,f85454e8279be180185cac7d243c5eb3,1000 이상
68ce199ec2c5517597ce0a4d89620f55,92c8c96e4c37100777c7190b76d28233,51-100
3b8a614226a953a8cd9526fca6fe9ba5,f90f2aca5c640289d0a29417bcb63a37,201-500
4b04a686b0ad13dce35fa99fa4161c65,89fcd07f20b6785b92134bd6c1d0fa42,11-50
e49b8b4053df9505e1f48c3a701c0682,d7322ed717dedf1eb4e6e52a37ea7bcd,51-100
67c6a1e7ce56d3d6fa748ab6d9af3fd7,70c639df5e30bdee440e4cdf599fec2b,11-50
c3992e9a68c5ae12bd18488bc579b30d,2b6d65b9a9445c4271ab9076ead5605a,
00411460f7c92d2124a67ea0f4cb5f85,c9892a989183de32e976c6f04e700201,
f33ba15effa5c10e873bf3842afb46a6,c6036a69be21cb660499b75718a3ef24,51-100
ec5aa0b7846082a2415f0902f0da88f2,eefc9e10ebdc4a2333b42b2dbb8f27b6,51-100
be3159ad04564bfb90db9e32851ebf9c,69cb3ea317a32c4e6143e665fdb20b14,51-100
16c222aa19898e5058938167c8ab6c57,52292e0c763fd027c6eba6b8f494d2eb,1-10
c0f168ce8900fa56e57789e2a2f2c9d0,ffeed84c7cb1ae7bf4ec4bd78275bb98,11-50
b4288d9c0ec0a1841b3b3728321e7088,e7b24b112a44fdd9ee93bdf998c6ca0e,11-50
2dace78f80bc92e6d7493423d729448e,8ebda540cbcc4d7336496819a46a1b68,51-100
07042ac7d03d3b9911a00da43ce0079a,e17184bcb70dcf3942c54e0b537ffc6d,101-200
4f6ffe13a5d75b2d6a3923922b3922e5,d240e3d38a8882ecad8633c8f9c78c9b,11-50
fed33392d3a48aa149a87a38b875ba4a,9908279ebbf1f9b250ba689db6a0222b,11-50
2df45244f09369e16ea3f9117ca45157,d045c59a90d7587d8d671b5f5aec4e7c,51-100
d961e9f236177d65d21100592edb0769,4a213d37242bdcad8e7300e202e7caa4,11-50
285ab9448d2751ee57ece7f762c39095,883e881bb4d22a7add958f2d6b052c9f,101-200
b5dc4e5d9b495d0196f61d45b26ef33e,d93ed5b6db83be78efb0d05ae420158e,51-100
66808e327dc79d135ba18e051673d906,39461a19e9eddfb385ea76b26521ea48,
4f6ffe13a5d75b2d6a3923922b3922e5,15de21c670ae7c3f6f3f1f37029303c9,11-50
20d135f0f28185b84a4cf7aa51f29500,cd89fef7ffdd490db800357f47722b20,1-10
3fb451ca2e89b3a13095b059d8705b15,53c04118df112c13a8c34b38343b9c10,11-50
539fd53b59e3bb12d203f45a912eeaf2,f73b76ce8949fe29bf2a537cfa420e8f,101-200
bf8229696f7a3bb4700cfddef19fa23f,f4573fc71c731d5c362f0d7860945b88,1-10
3b8a614226a953a8cd9526fca6fe9ba5,d296c101daa88a51f6ca8cfc1ac79b50,201-500
f33ba15effa5c10e873bf3842afb46a6,3b712de48137572f3849aabd5666a4e3,51-100
b1eec33c726a60554bc78518d5f9b32c,428fca9bc1921c25c5121f9da7815cde,11-50
da11e8cd1811acb79ccf0fd62cd58f86,c22abfa379f38b5b0411bc11fa9bf92f,201-500
df263d996281d984952c07998dc54358,71f6278d140af599e06ad9bf1ba03cb0,51-100
d38901788c533e8286cb6400b40b386d,98d6f58ab0dafbb86b083a001561bb34,11-50
aff1621254f7c1be92f64550478c56e6,27ed0fb950b856b06e1273989422e7d3,201-500
270edd69788dce200a3b395a6da6fdb7,2715518c875999308842e3455eda2fe3,11-50
54e36c5ff5f6a1802925ca009f3ebb68,491442df5f88c6aa018e86dac21d3606,11-50
8dd48d6a2e2cad213179a3992c0be53c,92977ae4d2ba21425a59afb269c2a14e,11-50
d34ab169b70c9dcd35e62896010cd9ff,8d34201a5b85900908db6cae92723617,51-100
2ca65f58e35d9ad45bf7f3ae5cfd08f1,1587965fb4d4b5afe8428a4a024feb0d,11-50
00411460f7c92d2124a67ea0f4cb5f85,8d3bba7425e7c98c50f52ca1b52d3735,
2dace78f80bc92e6d7493423d729448e,dc82d632c9fcecb0778afbc7924494a6,51-100
6bc24fc1ab650b25b4114e93a98f1eba,218a0aefd1d1a4be65601cc6ddc1520e,1-10
6bc24fc1ab650b25b4114e93a98f1eba,884d79963bd8bc0ae9b13a1aa71add73,1-10
f33ba15effa5c10e873bf3842afb46a6,8597a6cfa74defcbde3047c891d78f90,51-100
1651cf0d2f737d7adeab84d339dbabd3,2afe4567e1bf64d32a5527244d104cea,101-200
8edd72158ccd2a879f79cb2538568fdc,9232fe81225bcaef853ae32870a2b0fe,1-10
b5dc4e5d9b495d0196f61d45b26ef33e,621461af90cadfdaf0e8d4cc25129f91,51-100
b51a15f382ac914391a58850ab343b00,352407221afb776e3143e8a1a0577885,11-50
4ea06fbc83cdd0a06020c35d50e1e89a,9996535e07258a7bbfd8b132435c5962,51-100
17c276c8e723eb46aef576537e9d56d0,17d63b1625c816c22647a73e1482372b,11-50
a4d2f0d23dcc84ce983ff9157f8b7f88,f9a40a4780f5e1306c46f1c8daecee3b,1-10
ec8ce6abb3e952a85b8551ba726a1227,d6723e7cd6735df68d1ce4c704c29a04,11-50
9b04d152845ec0a378394003c96da594,ae5e3ce40e0404a45ecacaaf05e5f735,
a1afc58c6ca9540d057299ec3016d726,af21d0c97db2e27e13572cbf59eb343d,51-100
184260348236f9554fe9375772ff966e,81e74d678581a3bb7a720b019f4f1a93,11-50
fa14d4fe2f19414de3ebd9f63d5c0169,2bb232c0b13c774965ef8558f0fbd615,11-50
8e6b42f1644ecb1327dc03ab345e618b,aa942ab2bfa6ebda4840e7360ce6e7ef,11-50
16c222aa19898e5058938167c8ab6c57,3cef96dcc9b8035d23f69e30bb19218a,1-10
54f5f4071faca32ad5285fef87b78646,3948ead63a9f2944218de038d8934305,11-50
3b8a614226a953a8cd9526fca6fe9ba5,9fd81843ad7f202f26c1a174c7357585,201-500
1905aedab9bf2477edc068a355bba31a,8d317bdcf4aafcfc22149d77babee96d,11-50
e70611883d2760c8bbafb4acb29e3446,550a141f12de6341fba65b0ad0433500,11-50
b73dfe25b4b8714c029b37a6ad3006fa,f2fc990265c712c49d51a18a32b39f0c,
24681928425f5a9133504de568f5f6df,8fe0093bb30d6f8c31474bd0764e6ac0,51-100
c3c59e5f8b3e9753913f4d435b53c308,cc1aa436277138f61cda703991069eaf,11-50
2291d2ec3b3048d1a6f86c2c4591b7e0,1ce927f875864094e3906a4a0b5ece68,11-50
c058f544c737782deacefa532d9add4c,66368270ffd51418ec58bd793f2d9b1b,101-200
66808e327dc79d135ba18e051673d906,8efb100a295c0c690931222ff4467bb8,
903ce9225fca3e988c2af215d4e544d3,69a5b5995110b36a9a347898d97a610e,11-50
37f0e884fbad9667e38940169d0a3c95,d64a340bcb633f536d56e51874281454,11-50
3a066bda8c96b9478bb0512f0a43028c,298f95e1bf9136124592c8d4825a06fc,51-100
c058f544c737782deacefa532d9add4c,2f55707d4193dc27118a0f19a1985716,101-200
a1afc58c6ca9540d057299ec3016d726,aace49c7d80767cffec0e513ae886df0,51-100
fed33392d3a48aa149a87a38b875ba4a,09c6c3783b4a70054da74f2538ed47c6,11-50
06a15eb1c3836723b53e4abca8d9b879,dc87c13749315c7217cdc4ac692e704c,11-50
a67f096809415ca1c9f112d96d27689b,84d2004bf28a2095230e8e14993d398d,51-100
fc221309746013ac554571fbd180e1c8,37f0e884fbad9667e38940169d0a3c95,
3a066bda8c96b9478bb0512f0a43028c,e744f91c29ec99f0e662c9177946c627,51-100
3b8a614226a953a8cd9526fca6fe9ba5,53c3bce66e43be4f209556518c2fcb54,201-500
c058f544c737782deacefa532d9add4c,6e7d2da6d3953058db75714ac400b584,101-200
c058f544c737782deacefa532d9add4c,019d385eb67632a7e958e23f24bd07d7,101-200
67c6a1e7ce56d3d6fa748ab6d9af3fd7,3871bd64012152bfb53fdf04b401193f,11-50
eddea82ad2755b24c4e168c5fc2ebd40,7f975a56c761db6506eca0b37ce6ec87,11-50
1651cf0d2f737d7adeab84d339dbabd3,50c3d7614917b24303ee6a220679dab3,101-200
e995f98d56967d946471af29d7bf99f1,b5b41fac0361d157d9673ecb926af5ae,51-100
9f396fe44e7c05c16873b05ec425cbad,96b9bff013acedfb1d140579e2fbeb63,51-100
884d79963bd8bc0ae9b13a1aa71add73,24146db4eb48c718b84cae0a0799dcfc,11-50
13f320e7b5ead1024ac95c3b208610db,c60d060b946d6dd6145dcbad5c4ccf6f,11-50
8dd48d6a2e2cad213179a3992c0be53c,15d4e891d784977cacbfcbb00c48f133,11-50
82489c9737cc245530c7a6ebef3753ec,851ddf5058cf22df63d3344ad89919cf,11-50
d86ea612dec96096c5e0fcc8dd42ab6d,2bcab9d935d219641434683dd9d18a03,
59c33016884a62116be975a9bb8257e3,ab817c9349cf9c4f6877e1894a1faa00,11-50
06997f04a7db92466a2baa6ebc8b872d,9cc138f8dc04cbf16240daa92d8d50e2,201-500
884d79963bd8bc0ae9b13a1aa71add73,82b8a3434904411a9fdc43ca87cee70c,11-50
20aee3a5f4643755a79ee5f6a73050ac,afd4836712c5e77550897e25711e1d96,11-50
621bf66ddb7c962aa0d22ac97d69b793,142949df56ea8ae0be8b5306971900a4,51-100
f33ba15effa5c10e873bf3842afb46a6,3a029f04d76d32e79367c4b3255dda4d,51-100
3328bdf9a4b9504b9398284244fe97c2,d1f255a373a3cef72e03aa9d980c7eca,1000 이상
1651cf0d2f737d7adeab84d339dbabd3,788d986905533aba051261497ecffcbb,101-200
a8c88a0055f636e4a163a5e3d16adab7,13f9896df61279c928f19721878fac41,1-10
4f6ffe13a5d75b2d6a3923922b3922e5,0f840be9b8db4d3fbd5ba2ce59211f55,11-50
b5dc4e5d9b495d0196f61d45b26ef33e,287e03db1d99e0ec2edb90d079e142f3,51-100
b5dc4e5d9b495d0196f61d45b26ef33e,8b5040a8a5baf3e0e67386c2e3a9b903,51-100
e3796ae838835da0b6f6ea37bcf8bcb7,aa68c75c4a77c87f97fb686b2f068676,51-100
17c276c8e723eb46aef576537e9d56d0,b9228e0962a78b84f3d5d92f4faa000b,11-50
4f6ffe13a5d75b2d6a3923922b3922e5,5b8add2a5d98b1a652ea7fd72d942dac,11-50
3b8a614226a953a8cd9526fca6fe9ba5,839ab46820b524afda05122893c2fe8e,201-500
b4288d9c0ec0a1841b3b3728321e7088,c058f544c737782deacefa532d9add4c,11-50
d707329bece455a462b58ce00d1194c9,3d8e28caf901313a554cebc7d32e67e5,11-50
7eb3c8be3d411e8ebfab08eba5f49632,c2aee86157b4a40b78132f1e71a9e6f1,101-200
c45147dee729311ef5b5c3003946c48f,b83aac23b9528732c23cc7352950e880,
16c222aa19898e5058938167c8ab6c57,df263d996281d984952c07998dc54358,1-10
e5e63da79fcd2bebbd7cb8bf1c1d0274,e22312179bf43e61576081a2f250f845,501-1000
4f6ffe13a5d75b2d6a3923922b3922e5,c6bff625bdb0393992c9d4db0c6bbe45,11-50
a9b7ba70783b617e9998dc4dd82eb3c5,9e3cfc48eccf81a0d57663e129aef3cb,1-10
c45147dee729311ef5b5c3003946c48f,170c944978496731ba71f34c25826a34,
bcbe3365e6ac95ea2c0343a2395834dd,692f93be8c7a41525c0baf2076aecfb4,501-1000
4f6ffe13a5d75b2d6a3923922b3922e5,24b16fede9a67c9251d3e7c7161c83ac,11-50
beb22fb694d513edcf5533cf006dfeae,7fa732b517cbed14a48843d74526c11a,11-50
5c936263f3428a40227908d5a3847c0b,fa14d4fe2f19414de3ebd9f63d5c0169,11-50
a60937eba57758ed45b6d3e91e8659f3,ab1a4d0dd4d48a2ba1077c4494791306,201-500
d7322ed717dedf1eb4e6e52a37ea7bcd,2df45244f09369e16ea3f9117ca45157,
b4d168b48157c623fbd095b4a565b5bb,82489c9737cc245530c7a6ebef3753ec,501-1000
06997f04a7db92466a2baa6ebc8b872d,16c222aa19898e5058938167c8ab6c57,201-500
184260348236f9554fe9375772ff966e,e0cf1f47118daebc5b16269099ad7347,11-50
d34ab169b70c9dcd35e62896010cd9ff,c75b6f114c23a4d7ea11331e7c00e73c,51-100
217eedd1ba8c592db97d0dbe54c7adfc,1141938ba2c2b13f5505d7c424ebae5f,1-10
3b8a614226a953a8cd9526fca6fe9ba5,ec5aa0b7846082a2415f0902f0da88f2,201-500
0a1bf96b7165e962e90cb14648c9462d,9ab0d88431732957a618d4a469a0d4c3,51-100
6e7d2da6d3953058db75714ac400b584,7c9d0b1f96aebd7b5eca8c3edaa19ebb,51-100
ac627ab1ccbdb62ec96e702f07f6425b,fe7ee8fc1959cc7214fa21c4840dff0a,51-100
17d63b1625c816c22647a73e1482372b,63923f49e5241343aa7acb6a06a751e7,101-200
37f0e884fbad9667e38940169d0a3c95,abd815286ba1007abfbb8415b83ae2cf,11-50
298f95e1bf9136124592c8d4825a06fc,0deb1c54814305ca9ad266f53bc82511,11-50
d86ea612dec96096c5e0fcc8dd42ab6d,41f1f19176d383480afa65d325c06ed0,
70efba66d3d8d53194fb1a8446ae07fa,c7635bfd99248a2cdef8249ef7bfbef4,1-10
2ca65f58e35d9ad45bf7f3ae5cfd08f1,f3f27a324736617f20abbf2ffd806f6d,11-50
b5dc4e5d9b495d0196f61d45b26ef33e,e46de7e1bcaaced9a54f1e9d0d2f800d,51-100
05311655a15b75fab86956663e1819cd,7cce53cf90577442771720a370c3c723,11-50
20d135f0f28185b84a4cf7aa51f29500,670e8a43b246801ca1eaca97b3e19189,1-10
bac9162b47c56fc8a4d2a519803d51b3,5d616dd38211ebb5d6ec52986674b6e4,11-50
0d7de1aca9299fe63f3e0041f02638a3,bbf94b34eb32268ada57a3be5062fe7d,
1651cf0d2f737d7adeab84d339dbabd3,aba3b6fd5d186d28e06ff97135cade7f,101-200
4f87658ef0de194413056248a00ce009,c8c41c4a18675a74e01c8a20e8a0f662,11-50
13f320e7b5ead1024ac95c3b208610db,9246444d94f081e3549803b928260f56,11-50
ba1b3eba322eab5d895aa3023fe78b9c,b24d516bb65a5a58079f0f3526c87c57,101-200
2b8a61594b1f4c4db0902a8a395ced93,7f5d04d189dfb634e6a85bb9d9adf21e,51-100
37f0e884fbad9667e38940169d0a3c95,3a15c7d0bbe60300a39f76f8a5ba6896,11-50
3328bdf9a4b9504b9398284244fe97c2,b6f0479ae87d244975439c6124592772,1000 이상
25ddc0f8c9d3e22e03d3076f98d83cb2,577bcc914f9e55d5e4e4f82f9f00e7d4,
ec8ce6abb3e952a85b8551ba726a1227,389bc7bb1e1c2a5e7e147703232a88f6,11-50
beb22fb694d513edcf5533cf006dfeae,cbb6a3b884f4f88b3a8e3d44c636cbd8,11-50
184260348236f9554fe9375772ff966e,22ac3c5a5bf0b520d281c122d1490650,11-50
4f6ffe13a5d75b2d6a3923922b3922e5,a284df1155ec3e67286080500df36a9a,11-50
81c650caac28cdefce4de5ddc18befa0,dabd8d2ce74e782c65a973ef76fd540b,1-10
c45147dee729311ef5b5c3003946c48f,6c3cf77d52820cd0fe646d38bc2145ca,
c3c59e5f8b3e9753913f4d435b53c308,062ddb6c727310e76b6200b7c71f63b5,11-50
7a6a74cbe87bc60030a4bd041dd47b78,3473decccb0509fb264818a7512a8b9b,51-100
3b5dca501ee1e6d8cd7b905f4e1bf723,0cb929eae7a499e50248a3a78f7acfc7,11-50
b4288d9c0ec0a1841b3b3728321e7088,13f3cf8c531952d72e5847c4183e6910,11-50
43dd49b4fdb9bede653e94468ff8df1e,35cf8659cfcb13224cbd47863a34fc58,101-200
06997f04a7db92466a2baa6ebc8b872d,c06d06da9666a219db15cf575aff2824,201-500
c3c59e5f8b3e9753913f4d435b53c308,81448138f5f163ccdba4acc69819f280,11-50
67e103b0761e60683e83c559be18d40c,357a6fdf7642bf815a88822c447d9dc4,
3b8a614226a953a8cd9526fca6fe9ba5,1068c6e4c8051cfd4e9ea8072e3189e2,201-500
bb7946e7d85c81a9e69fee1cea4a087c,f7f580e11d00a75814d2ded41fe8e8fe,51-100
fa14d4fe2f19414de3ebd9f63d5c0169,3dc4876f3f08201c7c76cb71fa1da439,11-50
66f041e16a60928b05a7e228a89c3799,82cec96096d4281b7c95cd7e74623496,201-500
8757150decbd89b0f5442ca3db4d0e0e,00ec53c4682d36f5c4359f4ae7bd7ba1,
4f6ffe13a5d75b2d6a3923922b3922e5,320722549d1751cf3f247855f937b982,11-50
f09696910bdd874a99cd74c8f05b5c44,e820a45f1dfc7b95282d10b6087e11c0,1-10
ed4227734ed75d343320b6a5fd16ce57,fd06b8ea02fe5b1c2496fe1700e9d16c,1-10
facf9f743b083008a894eee7baa16469,818f4654ed39a1c147d1e51a00ffb4cb,11-50
e0ec453e28e061cc58ac43f91dc2f3f0,8757150decbd89b0f5442ca3db4d0e0e,1-10
68ce199ec2c5517597ce0a4d89620f55,1651cf0d2f737d7adeab84d339dbabd3,51-100
298f95e1bf9136124592c8d4825a06fc,66808e327dc79d135ba18e051673d906,11-50
4ca82782c5372a547c104929f03fe7a9,884ce4bb65d328ecb03c598409e2b168,1-10
2e65f2f2fdaf6c699b223c61b1b5ab89,ce5140df15d046a66883807d18d0264b,1-10
f8c1f23d6a8d8d7904fc0ea8e066b3bb,dc912a253d1e9ba40e2c597ed2376640,201-500
7eacb532570ff6858afd2723755ff790,a8ecbabae151abacba7dbde04f761c37,201-500
655ea4bd3b5736d88afc30c9212ccddf,e5e63da79fcd2bebbd7cb8bf1c1d0274,101-200
9a1756fd0c741126d7bbd4b692ccbd91,65cc2c8205a05d7379fa3a6386f710e1,201-500
3328bdf9a4b9504b9398284244fe97c2,e0c641195b27425bb056ac56f8953d24,1000 이상
3b8a614226a953a8cd9526fca6fe9ba5,26e359e83860db1d11b6acca57d8ea88,201-500
f33ba15effa5c10e873bf3842afb46a6,25df35de87aa441b88f22a6c2a830a17,51-100
c0f168ce8900fa56e57789e2a2f2c9d0,cbcb58ac2e496207586df2854b17995f,11-50
4f6ffe13a5d75b2d6a3923922b3922e5,1e6e0a04d20f50967c64dac2d639a577,11-50
c4ca4238a0b923820dcc509a6f75849b,c4ca4238a0b923820dcc509a6f75849b,11-50
3b8a614226a953a8cd9526fca6fe9ba5,0b8aff0438617c055eb55f0ba5d226fa,201-500
7b5b23f4aadf9513306bcd59afb6e4c9,8065d07da4a77621450aa84fee5656d9,11-50
2e65f2f2fdaf6c699b223c61b1b5ab89,d58072be2820e8682c0a27c0518e805e,1-10
d86ea612dec96096c5e0fcc8dd42ab6d,d709f38ef758b5066ef31b18039b8ce5,
59b90e1005a220e2ebc542eb9d950b1e,6364d3f0f495b6ab9dcf8d3b5c6e0b01,1-10
3b8a614226a953a8cd9526fca6fe9ba5,1700002963a49da13542e0726b7bb758,201-500
68053af2923e00204c3ca7c6a3150cf7,58d4d1e7b1e97b258c9ed0b37e02d087,11-50
944bdd9636749a0801c39b6e449dbedc,7ce3284b743aefde80ffd9aec500e085,11-50
4f6ffe13a5d75b2d6a3923922b3922e5,8f468c873a32bb0619eaeb2050ba45d1,11-50
193002e668758ea9762904da1a22337c,8d6dc35e506fc23349dd10ee68dabb64,11-50
b337e84de8752b27eda3a12363109e80,c51ce410c124a10e0db5e4b97fc2af39,
08419be897405321542838d77f855226,ba2fd310dcaa8781a9a652a31baf3c68,11-50
3b8a614226a953a8cd9526fca6fe9ba5,16a5cdae362b8d27a1d8f8c7b78b4330,201-500
233509073ed3432027d48b1a83f5fbd2,f387624df552cea2f369918c5e1e12bc,1-10
512c5cad6c37edb98ae91c8a76c3a291,2387337ba1e0b0249ba90f55b2ba2521,11-50
285ab9448d2751ee57ece7f762c39095,da0d1111d2dc5d489242e60ebcbaf988,101-200
54f5f4071faca32ad5285fef87b78646,a4d2f0d23dcc84ce983ff9157f8b7f88,11-50
a8e864d04c95572d1aece099af852d0a,f0e52b27a7a5d6a1a87373dffa53dbe5,11-50
c058f544c737782deacefa532d9add4c,d840cc5d906c3e9c84374c8919d2074e,101-200
b5dc4e5d9b495d0196f61d45b26ef33e,559cb990c9dffd8675f6bc2186971dc2,51-100
d34ab169b70c9dcd35e62896010cd9ff,ccb1d45fb76f7c5a0bf619f979c6cf36,51-100
a67f096809415ca1c9f112d96d27689b,a34bacf839b923770b2c360eefa26748,51-100
21be9a4bd4f81549a9d1d241981cec3c,2c89109d42178de8a367c0228f169bf8,11-50
4ca82782c5372a547c104929f03fe7a9,da8ce53cf0240070ce6c69c48cd588ee,1-10
bf62768ca46b6c3b5bea9515d1a1fc45,94c7bb58efc3b337800875b5d382a072,1-10
df877f3865752637daa540ea9cbc474f,34ed066df378efacc9b924ec161e7639,1-10
16c222aa19898e5058938167c8ab6c57,f5f8590cd58a54e94377e6ae2eded4d9,1-10
5c936263f3428a40227908d5a3847c0b,6f2268bd1d3d3ebaabb04d6b5d099425,11-50
eddea82ad2755b24c4e168c5fc2ebd40,d61e4bbd6393c9111e6526ea173a7c8b,11-50
eddea82ad2755b24c4e168c5fc2ebd40,754dda4b1ba34c6fa89716b85d68532b,11-50
3328bdf9a4b9504b9398284244fe97c2,9b698eb3105bd82528f23d0c92dedfc0,1000 이상
c4492cbe90fbdbf88a5aec486aa81ed5,a01610228fe998f515a72dd730294d87,1-10
109a0ca3bc27f3e96597370d5c8cf03d,3c7781a36bcd6cf08c11a970fbe0e2a6,11-50
43dd49b4fdb9bede653e94468ff8df1e,299a23a2291e2126b91d54f3601ec162,101-200
8dd48d6a2e2cad213179a3992c0be53c,69421f032498c97020180038fddb8e24,11-50
edfbe1afcf9246bb0d40eb4d8027d90f,1be3bc32e6564055d5ca3e5a354acbef,
bcbe3365e6ac95ea2c0343a2395834dd,860320be12a1c050cd7731794e231bd3,501-1000
c058f544c737782deacefa532d9add4c,b2f627fff19fda463cb386442eac2b3d,101-200
cdc0d6e63aa8e41c89689f54970bb35f,5c04925674920eb58467fb52ce4ef728,51-100
8fecb20817b3847419bb3de39a609afe,4ea06fbc83cdd0a06020c35d50e1e89a,51-100
e5e63da79fcd2bebbd7cb8bf1c1d0274,c3e0c62ee91db8dc7382bde7419bb573,501-1000
184260348236f9554fe9375772ff966e,92fb0c6d1758261f10d052e6e2c1123c,11-50
c0f168ce8900fa56e57789e2a2f2c9d0,2cfd4560539f887a5e420412b370b361,11-50
20aee3a5f4643755a79ee5f6a73050ac,e5841df2166dd424a57127423d276bbe,11-50
5fd0b37cd7dbbb00f97ba6ce92bf5add,0c74b7f78409a4022a2c4c5a5ca3ee19,
db1915052d15f7815c8b88e879465a1e,4ca82782c5372a547c104929f03fe7a9,1-10
5fd0b37cd7dbbb00f97ba6ce92bf5add,ad972f10e0800b49d76fed33a21f6698,
43dd49b4fdb9bede653e94468ff8df1e,e2a2dcc36a08a345332c751b2f2e476c,101-200
7940ab47468396569a906f75ff3f20ef,1cc3633c579a90cfdd895e64021e2163,
c45147dee729311ef5b5c3003946c48f,704afe073992cbe4813cae2f7715336f,
fa14d4fe2f19414de3ebd9f63d5c0169,7bcdf75ad237b8e02e301f4091fb6bc8,11-50
95151403b0db4f75bfd8da0b393af853,eddb904a6db773755d2857aacadb1cb0,11-50
c4ca4238a0b923820dcc509a6f75849b,f5deaeeae1538fb6c45901d524ee2f98,11-50
a8e864d04c95572d1aece099af852d0a,a7aeed74714116f3b292a982238f83d2,11-50
c0f168ce8900fa56e57789e2a2f2c9d0,d736bb10d83a904aefc1d6ce93dc54b8,11-50
4abe17a1c80cbdd2aa241b70840879de,1c65cef3dfd1e00c0b03923a1c591db4,51-100
d18f655c3fce66ca401d5f38b48c89af,677e09724f0e2df9b6c000b75b5da10d,11-50
e3796ae838835da0b6f6ea37bcf8bcb7,6c14da109e294d1e8155be8aa4b1ce8e,51-100
08d98638c6fcd194a4b1e6992063e944,ddb30680a691d157187ee1cf9e896d03,11-50
eddea82ad2755b24c4e168c5fc2ebd40,65658fde58ab3c2b6e5132a39fae7cb9,11-50
959a557f5f6beb411fd954f3f34b21c3,cf67355a3333e6e143439161adc2d82e,11-50
eddea82ad2755b24c4e168c5fc2ebd40,8b4066554730ddfaa0266346bdc1b202,11-50
7eb3c8be3d411e8ebfab08eba5f49632,e19347e1c3ca0c0b97de5fb3b690855a,101-200
d79aac075930c83c2f1e369a511148fe,872488f88d1b2db54d55bc8bba2fad1b,51-100
d34ab169b70c9dcd35e62896010cd9ff,9c01802ddb981e6bcfbec0f0516b8e35,51-100
3328bdf9a4b9504b9398284244fe97c2,7eacb532570ff6858afd2723755ff790,1000 이상
2e65f2f2fdaf6c699b223c61b1b5ab89,a760880003e7ddedfef56acb3b09697f,1-10
c3992e9a68c5ae12bd18488bc579b30d,4f284803bd0966cc24fa8683a34afc6e,
f09696910bdd874a99cd74c8f05b5c44,0a0a0c8aaa00ade50f74a3f0ca981ed7,1-10
fc221309746013ac554571fbd180e1c8,06eb61b839a0cefee4967c67ccb099dc,
c3c59e5f8b3e9753913f4d435b53c308,8a1e808b55fde9455cb3d8857ed88389,11-50
bf8229696f7a3bb4700cfddef19fa23f,58ae749f25eded36f486bc85feb3f0ab,1-10
9ad6aaed513b73148b7d49f70afcfb32,b9141aff1412dc76340b3822d9ea6c72,11-50
b6edc1cd1f36e45daf6d7824d7bb2283,eaae339c4d89fc102edd9dbdb6a28915,11-50
fb7b9ffa5462084c5f4e7e85a093e6d7,0bb4aec1710521c12ee76289d9440817,
28267ab848bcf807b2ed53c3a8f8fc8a,36a16a2505369e0c922b6ea7a23a56d2,11-50
2dace78f80bc92e6d7493423d729448e,9cf81d8026a9018052c429cc4e56739b,51-100
ec8ce6abb3e952a85b8551ba726a1227,4da04049a062f5adfe81b67dd755cecc,11-50
8757150decbd89b0f5442ca3db4d0e0e,d34ab169b70c9dcd35e62896010cd9ff,
c45147dee729311ef5b5c3003946c48f,210f760a89db30aa72ca258a3483cc7f,
c45147dee729311ef5b5c3003946c48f,7504adad8bb96320eb3afdd4df6e1f60,
ec8ce6abb3e952a85b8551ba726a1227,fae0b27c451c728867a567e8c1bb4e53,11-50
621bf66ddb7c962aa0d22ac97d69b793,8bf1211fd4b7b94528899de0a43b9fb3,51-100
df263d996281d984952c07998dc54358,c3c59e5f8b3e9753913f4d435b53c308,51-100
dca5672ff3444c7e997aa9a2c4eb2094,f197002b9a0853eca5e046d9ca4663d5,51-100
c4851e8e264415c4094e4e85b0baa7cc,64223ccf70bbb65a3a4aceac37e21016,101-200
c058f544c737782deacefa532d9add4c,c203d8a151612acf12457e4d67635a95,101-200
aba3b6fd5d186d28e06ff97135cade7f,1a5b1e4daae265b790965a275b53ae50,1-10
eddea82ad2755b24c4e168c5fc2ebd40,c399862d3b9d6b76c8436e924a68c45b,11-50
2dace78f80bc92e6d7493423d729448e,00ac8ed3b4327bdd4ebbebcb2ba10a00,51-100
c3c59e5f8b3e9753913f4d435b53c308,7dcd340d84f762eba80aa538b0c527f7,11-50
655ea4bd3b5736d88afc30c9212ccddf,41bfd20a38bb1b0bec75acf0845530a7,101-200
fa14d4fe2f19414de3ebd9f63d5c0169,07563a3fe3bbe7e3ba84431ad9d055af,11-50
621bf66ddb7c962aa0d22ac97d69b793,f61d6947467ccd3aa5af24db320235dd,51-100
285e19f20beded7d215102b49d5c09a0,10a5ab2db37feedfdeaab192ead4ac0e,1-10
42e77b63637ab381e8be5f8318cc28a2,41ae36ecb9b3eee609d05b90c14222fb,201-500
2df45244f09369e16ea3f9117ca45157,a3fb4fbf9a6f9cf09166aa9c20cbc1ad,51-100
88ae6372cfdc5df69a976e893f4d554b,6e2713a6efee97bacb63e52c54f0ada0,1-10
96c5c28becf18e71190460a9955aa4d8,f93882cbd8fc7fb794c1011d63be6fb6,101-200
bac9162b47c56fc8a4d2a519803d51b3,298923c8190045e91288b430794814c4,11-50
7eacb532570ff6858afd2723755ff790,1aa48fc4880bb0c9b8a3bf979d3b917e,201-500
66f041e16a60928b05a7e228a89c3799,8dd48d6a2e2cad213179a3992c0be53c,201-500
884d79963bd8bc0ae9b13a1aa71add73,766d856ef1a6b02f93d894415e6bfa0e,11-50
07a96b1f61097ccb54be14d6a47439b0,6ecbdd6ec859d284dc13885a37ce8d81,
05311655a15b75fab86956663e1819cd,df0aab058ce179e4f7ab135ed4e641a9,11-50
9da187a7a191431db943a9a5a6fec6f4,a8240cb8235e9c493a0c30607586166c,1-10
16c222aa19898e5058938167c8ab6c57,99c5e07b4d5de9d18c350cdf64c5aa3d,1-10
109a0ca3bc27f3e96597370d5c8cf03d,25b2822c2f5a3230abfadd476e8b04c9,11-50
ec5aa0b7846082a2415f0902f0da88f2,5807a685d1a9ab3b599035bc566ce2b9,51-100
06997f04a7db92466a2baa6ebc8b872d,051e4e127b92f5d98d3c79b195f2b291,201-500
67e103b0761e60683e83c559be18d40c,6855456e2fe46a9d49d3d3af4f57443d,
20b5e1cf8694af7a3c1ba4a87f073021,4e2545f819e67f0615003dd7e04a6087,11-50
e49b8b4053df9505e1f48c3a701c0682,258be18e31c8188555c2ff05b4d542c3,51-100
a4d2f0d23dcc84ce983ff9157f8b7f88,16e6a3326dd7d868cbc926602a61e4d0,1-10
ebd9629fc3ae5e9f6611e2ee05a31cef,ca9c267dad0305d1a6308d2a0cf1c39c,1-10
ae5e3ce40e0404a45ecacaaf05e5f735,e0ec453e28e061cc58ac43f91dc2f3f0,11-50
a9b7ba70783b617e9998dc4dd82eb3c5,e034fb6b66aacc1d48f445ddfb08da98,1-10
37f0e884fbad9667e38940169d0a3c95,26dd0dbc6e3f4c8043749885523d6a25,11-50
a1afc58c6ca9540d057299ec3016d726,b59c67bf196a4758191e42f76670ceba,51-100
e4bb4c5173c2ce17fd8fcd40041c068f,e3251075554389fe91d17a794861d47b,11-50
06997f04a7db92466a2baa6ebc8b872d,45645a27c4f1adc8a7a835976064a86d,201-500
7750ca3559e5b8e1f44210283368fc16,5e9f92a01c986bafcabbafd145520b13,11-50
fed33392d3a48aa149a87a38b875ba4a,df6d2338b2b8fce1ec2f6dda0a630eb0,11-50
c45147dee729311ef5b5c3003946c48f,0efe32849d230d7f53049ddc4a4b0c60,
c3992e9a68c5ae12bd18488bc579b30d,285f89b802bcb2651801455c86d78f2a,
9e3cfc48eccf81a0d57663e129aef3cb,b7bb35b9c6ca2aee2df08cf09d7016c2,101-200
5751ec3e9a4feab575962e78e006250d,ef575e8837d065a1683c022d2077d342,11-50
f899139df5e1059396431415e770c6dd,6c340f25839e6acdc73414517203f5f0,101-200
3fb451ca2e89b3a13095b059d8705b15,db576a7d2453575f29eab4bac787b919,11-50
28267ab848bcf807b2ed53c3a8f8fc8a,43baa6762fa81bb43b39c62553b2970d,11-50
8dd48d6a2e2cad213179a3992c0be53c,13f320e7b5ead1024ac95c3b208610db,11-50
846c260d715e5b854ffad5f70a516c88,b5dc4e5d9b495d0196f61d45b26ef33e,101-200
b5dc4e5d9b495d0196f61d45b26ef33e,24896ee4c6526356cc127852413ea3b4,51-100
2291d2ec3b3048d1a6f86c2c4591b7e0,d707329bece455a462b58ce00d1194c9,11-50
8dd48d6a2e2cad213179a3992c0be53c,85422afb467e9456013a2a51d4dff702,11-50
bcbe3365e6ac95ea2c0343a2395834dd,f91e24dfe80012e2a7984afa4480a6d6,501-1000
54f5f4071faca32ad5285fef87b78646,3f67fd97162d20e6fe27748b5b372509,11-50
e57c6b956a6521b28495f2886ca0977a,84f7e69969dea92a925508f7c1f9579a,51-100
e3796ae838835da0b6f6ea37bcf8bcb7,310ce61c90f3a46e340ee8257bc70e93,51-100
4ca82782c5372a547c104929f03fe7a9,301ad0e3bd5cb1627a2044908a42fdc2,1-10
d34ab169b70c9dcd35e62896010cd9ff,4311359ed4969e8401880e3c1836fbe1,51-100
c3c59e5f8b3e9753913f4d435b53c308,c32d9bf27a3da7ec8163957080c8628e,11-50
4abe17a1c80cbdd2aa241b70840879de,a9078e8653368c9c291ae2f8b74012e7,51-100
92fb0c6d1758261f10d052e6e2c1123c,024d7f84fff11dd7e8d9c510137a2381,1-10
9da187a7a191431db943a9a5a6fec6f4,a2137a2ae8e39b5002a3f8909ecb88fe,1-10
66808e327dc79d135ba18e051673d906,5487315b1286f907165907aa8fc96619,
4f87658ef0de194413056248a00ce009,4b6538a44a1dfdc2b83477cd76dee98e,11-50
42e77b63637ab381e8be5f8318cc28a2,e44fea3bec53bcea3b7513ccef5857ac,201-500
20b5e1cf8694af7a3c1ba4a87f073021,68053af2923e00204c3ca7c6a3150cf7,11-50
42e77b63637ab381e8be5f8318cc28a2,c042f4db68f23406c6cecf84a7ebb0fe,201-500
c058f544c737782deacefa532d9add4c,ab233b682ec355648e7891e66c54191b,101-200
7940ab47468396569a906f75ff3f20ef,9f53d83ec0691550f7d2507d57f4f5a2,
83e8ef518174e1eb6be4a0778d050c9d,5680522b8e2bb01943234bce7bf84534,51-100
d34ab169b70c9dcd35e62896010cd9ff,01f78be6f7cad02658508fe4616098a9,51-100
a64c94baaf368e1840a1324e839230de,b4a528955b84f584974e92d025a75d1f,11-50
7949e456002b28988d38185bd30e77fd,9f36407ead0629fc166f14dde7970f68,11-50
7750ca3559e5b8e1f44210283368fc16,0ff39bbbf981ac0151d340c9aa40e63e,11-50
81c650caac28cdefce4de5ddc18befa0,1896a3bf730516dd643ba67b4c447d36,1-10
4ea06fbc83cdd0a06020c35d50e1e89a,7bccfde7714a1ebadf06c5f4cea752c1,51-100
25ddc0f8c9d3e22e03d3076f98d83cb2,11b9842e0a271ff252c1903e7132cd68,
3fb451ca2e89b3a13095b059d8705b15,456ac9b0d15a8b7f1e71073221059886,11-50
fface8385abbf94b4593a0ed53a0c70f,944bdd9636749a0801c39b6e449dbedc,51-100
a9b7ba70783b617e9998dc4dd82eb3c5,7a53928fa4dd31e82c6ef826f341daec,1-10
88ae6372cfdc5df69a976e893f4d554b,1bb91f73e9d31ea2830a5e73ce3ed328,1-10
b73dfe25b4b8714c029b37a6ad3006fa,89f0fd5c927d466d6ec9a21b9ac34ffa,
c4ca4238a0b923820dcc509a6f75849b,b20bb95ab626d93fd976af958fbc61ba,11-50
c4492cbe90fbdbf88a5aec486aa81ed5,f7cade80b7cc92b991cf4d2806d6bd78,1-10
ec8ce6abb3e952a85b8551ba726a1227,c9f95a0a5af052bffce5c89917335f67,11-50
36a1694bce9815b7e38a9dad05ad42e0,b86e8d03fe992d1b0e19656875ee557c,11-50
193002e668758ea9762904da1a22337c,b55ec28c52d5f6205684a473a2193564,11-50
da11e8cd1811acb79ccf0fd62cd58f86,ca75910166da03ff9d4655a0338e6b09,201-500
fc9b003bb003a298c2ad0d05e4342bdc,c54e7837e0cd0ced286cb5995327d1ab,51-100
e3796ae838835da0b6f6ea37bcf8bcb7,fba9d88164f3e2d9109ee770223212a0,51-100
d707329bece455a462b58ce00d1194c9,288cc0ff022877bd3df94bc9360b9c5d,11-50
ab2b41c63853f0a651ba9fbf502b0cd8,9a3d458322d70046f63dfd8b0153ece4,11-50
6bc24fc1ab650b25b4114e93a98f1eba,e1e32e235eee1f970470a3a6658dfdd5,1-10
54f5f4071faca32ad5285fef87b78646,c8ba76c279269b1c6bc8a07e38e78fa4,11-50
e49b8b4053df9505e1f48c3a701c0682,e515df0d202ae52fcebb14295743063b,51-100
eddea82ad2755b24c4e168c5fc2ebd40,9431c87f273e507e6040fcb07dcb4509,11-50
5f93f983524def3dca464469d2cf9f3e,a8849b052492b5106526b2331e526138,51-100
5878a7ab84fb43402106c575658472fa,069d3bb002acd8d7dd095917f9efe4cb,101-200
8c7bbbba95c1025975e548cee86dfadc,a01a0380ca3c61428c26a231f0e49a09,
e2c0be24560d78c5e599c2a9c9d0bbd2,1fc214004c9481e4c8073e85323bfd4b,1000 이상
285ab9448d2751ee57ece7f762c39095,021bbc7ee20b71134d53e20206bd6feb,101-200
4ea06fbc83cdd0a06020c35d50e1e89a,2ba596643cbbbc20318224181fa46b28,51-100
7eacb532570ff6858afd2723755ff790,d9fc5b73a8d78fad3d6dffe419384e70,201-500
dca5672ff3444c7e997aa9a2c4eb2094,2b38c2df6a49b97f706ec9148ce48d86,51-100
17ed8abedc255908be746d245e50263a,dc4c44f624d600aa568390f1f1104aa0,
495dabfd0ca768a3c3abd672079f48b6,9da187a7a191431db943a9a5a6fec6f4,11-50
b51a15f382ac914391a58850ab343b00,67d16d00201083a2b118dd5128dd6f59,11-50
edfbe1afcf9246bb0d40eb4d8027d90f,0fcbc61acd0479dc77e3cccc0f5ffca7,
4f6ffe13a5d75b2d6a3923922b3922e5,b495ce63ede0f4efc9eec62cb947c162,11-50
f33ba15effa5c10e873bf3842afb46a6,68d13cf26c4b4f4f932e3eff990093ba,51-100
a1afc58c6ca9540d057299ec3016d726,b9d487a30398d42ecff55c228ed5652b,51-100
7eacb532570ff6858afd2723755ff790,dc5689792e08eb2e219dce49e64c885b,201-500
24681928425f5a9133504de568f5f6df,a49e9411d64ff53eccfdd09ad10a15b3,51-100
e816c635cad85a60fabd6b97b03cbcc9,d8700cbd38cc9f30cecb34f0c195b137,11-50
ae5e3ce40e0404a45ecacaaf05e5f735,7250eb93b3c18cc9daa29cf58af7a004,11-50
f1c1592588411002af340cbaedd6fc33,fe8c15fed5f808006ce95eddb7366e35,11-50
884d79963bd8bc0ae9b13a1aa71add73,6b180037abbebea991d8b1232f8a8ca9,11-50
4fac9ba115140ac4f1c22da82aa0bc7f,bf62768ca46b6c3b5bea9515d1a1fc45,11-50
66f041e16a60928b05a7e228a89c3799,371bce7dc83817b7893bcdeed13799b5,201-500
fc221309746013ac554571fbd180e1c8,9dfcd5e558dfa04aaf37f137a1d9d3e5,
d707329bece455a462b58ce00d1194c9,f2201f5191c4e92cc5af043eebfd0946,11-50
bcbe3365e6ac95ea2c0343a2395834dd,d94e18a8adb4cc0f623f7a83b1ac75b4,501-1000
edfbe1afcf9246bb0d40eb4d8027d90f,df877f3865752637daa540ea9cbc474f,
9da187a7a191431db943a9a5a6fec6f4,0c048b3a434e49e655c1247efb389cec,1-10
9b04d152845ec0a378394003c96da594,303ed4c69846ab36c2904d3ba8573050,
84d9ee44e457ddef7f2c4f25dc8fa865,4b0a59ddf11c58e7446c9df0da541a84,11-50
e49b8b4053df9505e1f48c3a701c0682,31857b449c407203749ae32dd0e7d64a,51-100
795c7a7a5ec6b460ec00c5841019b9e9,68264bdb65b97eeae6788aa3348e553c,101-200
4ea06fbc83cdd0a06020c35d50e1e89a,168908dd3227b8358eababa07fcaf091,51-100
5f2c22cb4a5380af7ca75622a6426917,9b70e8fe62e40c570a322f1b0b659098,101-200
bf8229696f7a3bb4700cfddef19fa23f,26588e932c7ccfa1df309280702fe1b5,1-10
9ad6aaed513b73148b7d49f70afcfb32,b8c37e33defde51cf91e1e03e51657da,11-50
cdc0d6e63aa8e41c89689f54970bb35f,71a3cb155f8dc89bf3d0365288219936,51-100
c058f544c737782deacefa532d9add4c,3435c378bb76d4357324dd7e69f3cd18,101-200
a1afc58c6ca9540d057299ec3016d726,c667d53acd899a97a85de0c201ba99be,51-100
e8dfff4676a47048d6f0c4ef899593dd,bb04af0f7ecaee4aae62035497da1387,1-10
07042ac7d03d3b9911a00da43ce0079a,bdb106a0560c4e46ccc488ef010af787,101-200
b056eb1587586b71e2da9acfe4fbd19e,e8c0653fea13f91bf3c48159f7c24f78,11-50
42e77b63637ab381e8be5f8318cc28a2,250cf8b51c773f3f8dc8b4be867a9a02,201-500
d34ab169b70c9dcd35e62896010cd9ff,addfa9b7e234254d26e9c7f2af1005cb,51-100
bcbe3365e6ac95ea2c0343a2395834dd,995665640dc319973d3173a74a03860c,501-1000
bf8229696f7a3bb4700cfddef19fa23f,68a83eeb494a308fe5295da69428a507,1-10
bcbe3365e6ac95ea2c0343a2395834dd,7b13b2203029ed80337f27127a9f1d28,501-1000
2ca65f58e35d9ad45bf7f3ae5cfd08f1,38913e1d6a7b94cb0f55994f679f5956,11-50
54f5f4071faca32ad5285fef87b78646,a58149d355f02887dfbe55ebb2b64ba3,11-50
e165421110ba03099a1c0393373c5b43,dc6a6489640ca02b0d42dabeb8e46bb7,51-100
9b04d152845ec0a378394003c96da594,fb89705ae6d743bf1e848c206e16a1d7,
c0f168ce8900fa56e57789e2a2f2c9d0,c21002f464c5fc5bee3b98ced83963b8,11-50
a60937eba57758ed45b6d3e91e8659f3,31b3b31a1c2f8a370206f111127c0dbd,201-500
82cadb0649a3af4968404c9f6031b233,a51fb975227d6640e4fe47854476d133,201-500
ed519dacc89b2bead3f453b0b05a4a8b,193002e668758ea9762904da1a22337c,1-10
c058f544c737782deacefa532d9add4c,d5cfead94f5350c12c322b5b664544c1,101-200
d86ea612dec96096c5e0fcc8dd42ab6d,68ce199ec2c5517597ce0a4d89620f55,
8757150decbd89b0f5442ca3db4d0e0e,a02ffd91ece5e7efeb46db8f10a74059,
fface8385abbf94b4593a0ed53a0c70f,4079016d940210b4ae9ae7d41c4a2065,51-100
299570476c6f0309545110c592b6a63b,d38901788c533e8286cb6400b40b386d,11-50
8757150decbd89b0f5442ca3db4d0e0e,4f6ffe13a5d75b2d6a3923922b3922e5,
c3c59e5f8b3e9753913f4d435b53c308,d79aac075930c83c2f1e369a511148fe,11-50
6cd67d9b6f0150c77bda2eda01ae484c,74071a673307ca7459bcf75fbd024e09,101-200
b5dc4e5d9b495d0196f61d45b26ef33e,7634ea65a4e6d9041cfd3f7de18e334a,51-100
9da187a7a191431db943a9a5a6fec6f4,ab88b15733f543179858600245108dd8,1-10
6c4b761a28b734fe93831e3fb400ce87,c1e39d912d21c91dce811d6da9929ae8,
6e79ed05baec2754e25b4eac73a332d2,905056c1ac1dad141560467e0a99e1cf,11-50
fface8385abbf94b4593a0ed53a0c70f,6c8dba7d0df1c4a79dd07646be9a26c8,51-100
7fa732b517cbed14a48843d74526c11a,7f1171a78ce0780a2142a6eb7bc4f3c8,1-10
aa68c75c4a77c87f97fb686b2f068676,06997f04a7db92466a2baa6ebc8b872d,201-500
443cb001c138b2561a0d90720d6ce111,b3967a0e938dc2a6340e258630febd5a,
bcbe3365e6ac95ea2c0343a2395834dd,e702e51da2c0f5be4dd354bb3e295d37,501-1000
6e7d2da6d3953058db75714ac400b584,1c1d4df596d01da60385f0bb17a4a9e0,51-100
4fac9ba115140ac4f1c22da82aa0bc7f,470e7a4f017a5476afb7eeb3f8b96f9b,11-50
e2230b853516e7b05d79744fbd4c9c13,e555ebe0ce426f7f9b2bef0706315e0c,
b056eb1587586b71e2da9acfe4fbd19e,a1519de5b5d44b31a01de013b9b51a80,11-50
f899139df5e1059396431415e770c6dd,dc58e3a306451c9d670adcd37004f48f,101-200
4ea06fbc83cdd0a06020c35d50e1e89a,6395ebd0f4b478145ecfbaf939454fa4,51-100
66808e327dc79d135ba18e051673d906,05f971b5ec196b8c65b75d2ef8267331,
3fb451ca2e89b3a13095b059d8705b15,7fec306d1e665bc9c748b5d2b99a6e97,11-50
621bf66ddb7c962aa0d22ac97d69b793,0d7de1aca9299fe63f3e0041f02638a3,51-100
bf8229696f7a3bb4700cfddef19fa23f,3a0772443a0739141292a5429b952fe6,1-10
00411460f7c92d2124a67ea0f4cb5f85,e6b4b2a746ed40e1af829d1fa82daa10,
d840cc5d906c3e9c84374c8919d2074e,11b921ef080f7736089c757404650e40,11-50
6d9cb7de5e8ac30bd5e8734bc96a35c1,a89cf525e1d9f04d16ce31165e139a4b,11-50
b5dc4e5d9b495d0196f61d45b26ef33e,2a9d121cd9c3a1832bb6d2cc6bd7a8a7,51-100
b73dfe25b4b8714c029b37a6ad3006fa,bc6dc48b743dc5d013b1abaebd2faed2,
006f52e9102a8d3be2fe5614f42ba989,5ef0b4eba35ab2d6180b0bca7e46b6f9,101-200
193002e668758ea9762904da1a22337c,2f885d0fbe2e131bfc9d98363e55d1d4,11-50
16c222aa19898e5058938167c8ab6c57,678a1491514b7f1006d605e9161946b1,1-10
82f2b308c3b01637c607ce05f52a2fed,51d92be1c60d1db1d2e5e7a07da55b26,11-50
7eacb532570ff6858afd2723755ff790,32b30a250abd6331e03a2a1f16466346,201-500
f33ba15effa5c10e873bf3842afb46a6,43cca4b3de2097b9558efefd0ecc3588,51-100
08d98638c6fcd194a4b1e6992063e944,2421fcb1263b9530df88f7f002e78ea5,11-50
06997f04a7db92466a2baa6ebc8b872d,185c29dc24325934ee377cfda20e414c,201-500
92fb0c6d1758261f10d052e6e2c1123c,e4bb4c5173c2ce17fd8fcd40041c068f,1-10
eddea82ad2755b24c4e168c5fc2ebd40,941e1aaaba585b952b62c14a3a175a61,11-50
3b8a614226a953a8cd9526fca6fe9ba5,ef0d3930a7b6c95bd2b32ed45989c61f,201-500
847cc55b7032108eee6dd897f3bca8a5,f79921bbae40a577928b76d2fc3edc2a,1-10
3621f1454cacf995530ea53652ddf8fb,b2eeb7362ef83deff5c7813a67e14f0a,201-500
e5e63da79fcd2bebbd7cb8bf1c1d0274,71ad16ad2c4d81f348082ff6c4b20768,501-1000
8dd48d6a2e2cad213179a3992c0be53c,39e4973ba3321b80f37d9b55f63ed8b8,11-50
eaae339c4d89fc102edd9dbdb6a28915,c5ff2543b53f4cc0ad3819a36752467b,
20d135f0f28185b84a4cf7aa51f29500,a0872cc5b5ca4cc25076f3d868e1bdf8,1-10
d34ab169b70c9dcd35e62896010cd9ff,647bba344396e7c8170902bcf2e15551,51-100
fc221309746013ac554571fbd180e1c8,758874998f5bd0c393da094e1967a72b,
8dd48d6a2e2cad213179a3992c0be53c,a5e0ff62be0b08456fc7f1e88812af3d,11-50
b5dc4e5d9b495d0196f61d45b26ef33e,ce78d1da254c0843eb23951ae077ff5f,51-100
b706835de79a2b4e80506f582af3676a,97af4fb322bb5c8973ade16764156bed,11-50
5737034557ef5b8c02c0e46513b98f90,2291d2ec3b3048d1a6f86c2c4591b7e0,
f93882cbd8fc7fb794c1011d63be6fb6,c4015b7f368e6b4871809f49debe0579,1-10
b73dfe25b4b8714c029b37a6ad3006fa,8ce6790cc6a94e65f17f908f462fae85,
8698ff92115213ab187d31d4ee5da8ea,cd758e8f59dfdf06a852adad277986ca,11-50
f93882cbd8fc7fb794c1011d63be6fb6,bea5955b308361a1b07bc55042e25e54,1-10
a4d2f0d23dcc84ce983ff9157f8b7f88,fc49306d97602c8ed1be1dfbf0835ead,1-10
4734ba6f3de83d861c3176a6273cac6d,b73dfe25b4b8714c029b37a6ad3006fa,
37f0e884fbad9667e38940169d0a3c95,6766aa2750c19aad2fa1b32f36ed4aee,11-50
452bf208bf901322968557227b8f6efe,8a3363abe792db2d8761d6403605aeb7,51-100
192fc044e74dffea144f9ac5dc9f3395,f4f6dce2f3a0f9dada0c2b5b66452017,51-100
a8e864d04c95572d1aece099af852d0a,ffeabd223de0d4eacb9a3e6e53e5448d,11-50
3fb451ca2e89b3a13095b059d8705b15,f4dd765c12f2ef67f98f3558c282a9cd,11-50
4d5b995358e7798bc7e9d9db83c612a5,892c91e0a653ba19df81a90f89d99bcd,11-50
5f93f983524def3dca464469d2cf9f3e,f1b6f2857fb6d44dd73c7041e0aa0f19,51-100
37f0e884fbad9667e38940169d0a3c95,c5ab0bc60ac7929182aadd08703f1ec6,11-50
e49b8b4053df9505e1f48c3a701c0682,dbe272bab69f8e13f14b405e038deb64,51-100
42e77b63637ab381e8be5f8318cc28a2,49ae49a23f67c759bf4fc791ba842aa2,201-500
95151403b0db4f75bfd8da0b393af853,6d70cb65d15211726dcce4c0e971e21c,11-50
7949e456002b28988d38185bd30e77fd,4f16c818875d9fcb6867c7bdc89be7eb,11-50
17d63b1625c816c22647a73e1482372b,3493894fa4ea036cfc6433c3e2ee63b0,101-200
17c276c8e723eb46aef576537e9d56d0,1e1d184167ca7676cf665225e236a3d2,11-50
3b8a614226a953a8cd9526fca6fe9ba5,918317b57931b6b7a7d29490fe5ec9f9,201-500
846c260d715e5b854ffad5f70a516c88,55743cc0393b1cb4b8b37d09ae48d097,101-200
cdc0d6e63aa8e41c89689f54970bb35f,5f0f5e5f33945135b874349cfbed4fb9,51-100
e165421110ba03099a1c0393373c5b43,877a9ba7a98f75b90a9d49f53f15a858,51-100
17fafe5f6ce2f1904eb09d2e80a4cbf6,3df1d4b96d8976ff5986393e8767f5b2,
66808e327dc79d135ba18e051673d906,7380ad8a673226ae47fce7bff88e9c33,
4588e674d3f0faf985047d4c3f13ed0d,22fb0cee7e1f3bde58293de743871417,11-50
884d79963bd8bc0ae9b13a1aa71add73,4558dbb6f6f8bb2e16d03b85bde76e2c,11-50
53e3a7161e428b65688f14b84d61c610,8d7d8ee069cb0cbbf816bbb65d56947e,101-200
c3c59e5f8b3e9753913f4d435b53c308,1b0114c51cc532ed34e1954b5b9e4b58,11-50
b5dc4e5d9b495d0196f61d45b26ef33e,8b6dd7db9af49e67306feb59a8bdc52c,51-100
655ea4bd3b5736d88afc30c9212ccddf,7eb3c8be3d411e8ebfab08eba5f49632,101-200
959a557f5f6beb411fd954f3f34b21c3,63538fe6ef330c13a05a3ed7e599d5f7,11-50
20aee3a5f4643755a79ee5f6a73050ac,4a47d2983c8bd392b120b627e0e1cab4,11-50
8dd48d6a2e2cad213179a3992c0be53c,f4be00279ee2e0a53eafdaa94a151e2c,11-50
2dace78f80bc92e6d7493423d729448e,996a7fa078cc36c46d02f9af3bef918b,51-100
069d3bb002acd8d7dd095917f9efe4cb,013a006f03dbc5392effeb8f18fda755,11-50
5878a7ab84fb43402106c575658472fa,c6e19e830859f2cb9f7c8f8cacb8d2a6,101-200
c058f544c737782deacefa532d9add4c,00e26af6ac3b1c1c49d7c3d79c60d000,101-200
6e79ed05baec2754e25b4eac73a332d2,7940ab47468396569a906f75ff3f20ef,11-50
25ddc0f8c9d3e22e03d3076f98d83cb2,37bc2f75bf1bcfe8450a1a41c200364c,
7eacb532570ff6858afd2723755ff790,6ea2ef7311b482724a9b7b0bc0dd85c6,201-500
6cd67d9b6f0150c77bda2eda01ae484c,598b3e71ec378bd83e0a727608b5db01,101-200
e22dd5dabde45eda5a1a67772c8e25dd,285ab9448d2751ee57ece7f762c39095,1000 이상
0a09c8844ba8f0936c20bd791130d6b6,632cee946db83e7a52ce5e8d6f0fed35,11-50
36a1694bce9815b7e38a9dad05ad42e0,e97ee2054defb209c35fe4dc94599061,11-50
632cee946db83e7a52ce5e8d6f0fed35,b4288d9c0ec0a1841b3b3728321e7088,11-50
3328bdf9a4b9504b9398284244fe97c2,a1d50185e7426cbb0acad1e6ca74b9aa,1000 이상
bcb41ccdc4363c6848a1d760f26c28a0,a113c1ecd3cace2237256f4c712f61b5,11-50
645098b086d2f9e1e0e939c27f9f2d6f,e6d8545daa42d5ced125a4bf747b3688,11-50
7f1171a78ce0780a2142a6eb7bc4f3c8,c410003ef13d451727aeff9082c29a5c,51-100
f3173935ed8ac4bf073c1bcd63171f8a,abea47ba24142ed16b7d8fbf2c740e0d,11-50
f33ba15effa5c10e873bf3842afb46a6,3210ddbeaa16948a702b6049b8d9a202,51-100
df263d996281d984952c07998dc54358,7d04bbbe5494ae9d2f5a76aa1c00fa2f,51-100
9cb67ffb59554ab1dabb65bcb370ddd9,74bba22728b6185eec06286af6bec36d,11-50
006f52e9102a8d3be2fe5614f42ba989,2050e03ca119580f74cca14cc6e97462,101-200
8757150decbd89b0f5442ca3db4d0e0e,bca82e41ee7b0833588399b1fcd177c7,
b5dc4e5d9b495d0196f61d45b26ef33e,55a7cf9c71f1c9c495413f934dd1a158,51-100
eddea82ad2755b24c4e168c5fc2ebd40,5ea1649a31336092c05438df996a3e59,11-50
92fb0c6d1758261f10d052e6e2c1123c,53e3a7161e428b65688f14b84d61c610,1-10
a4d2f0d23dcc84ce983ff9157f8b7f88,7bb060764a818184ebb1cc0d43d382aa,1-10
7503cfacd12053d309b6bed5c89de212,535ab76633d94208236a2e829ea6d888,1-10
06997f04a7db92466a2baa6ebc8b872d,42e77b63637ab381e8be5f8318cc28a2,201-500
5c04925674920eb58467fb52ce4ef728,28f0b864598a1291557bed248a998d4e,51-100
a2137a2ae8e39b5002a3f8909ecb88fe,7c590f01490190db0ed02a5070e20f01,51-100
cdc0d6e63aa8e41c89689f54970bb35f,2dace78f80bc92e6d7493423d729448e,51-100
535ab76633d94208236a2e829ea6d888,3e89ebdb49f712c7d90d1b39e348bbbf,1-10
b5dc4e5d9b495d0196f61d45b26ef33e,23ce1851341ec1fa9e0c259de10bf87c,51-100
8dd48d6a2e2cad213179a3992c0be53c,19b650660b253761af189682e03501dd,11-50
4734ba6f3de83d861c3176a6273cac6d,85fc37b18c57097425b52fc7afbb6969,
e165421110ba03099a1c0393373c5b43,c3e878e27f52e2a57ace4d9a76fd9acf,51-100
1587965fb4d4b5afe8428a4a024feb0d,959a557f5f6beb411fd954f3f34b21c3,11-50
2dace78f80bc92e6d7493423d729448e,44c4c17332cace2124a1a836d9fc4b6f,51-100
193002e668758ea9762904da1a22337c,92262bf907af914b95a0fc33c3f33bf6,11-50
4fa53be91b4933d536748a60458b9797,160c88652d47d0be60bfbfed25111412,1-10
632cee946db83e7a52ce5e8d6f0fed35,9c82c7143c102b71c593d98d96093fde,11-50
a8e864d04c95572d1aece099af852d0a,fde9264cf376fffe2ee4ddf4a988880d,11-50
cdc0d6e63aa8e41c89689f54970bb35f,8248a99e81e752cb9b41da3fc43fbe7f,51-100
d7322ed717dedf1eb4e6e52a37ea7bcd,c0f168ce8900fa56e57789e2a2f2c9d0,
6bc24fc1ab650b25b4114e93a98f1eba,eba0dc302bcd9a273f8bbb72be3a687b,1-10
16c222aa19898e5058938167c8ab6c57,10a7cdd970fe135cf4f7bb55c0e3b59f,1-10
b5dc4e5d9b495d0196f61d45b26ef33e,d554f7bb7be44a7267068a7df88ddd20,51-100
cdc0d6e63aa8e41c89689f54970bb35f,36a1694bce9815b7e38a9dad05ad42e0,51-100
66808e327dc79d135ba18e051673d906,3ad7c2ebb96fcba7cda0cf54a2e802f5,
9da187a7a191431db943a9a5a6fec6f4,2290a7385ed77cc5592dc2153229f082,1-10
05311655a15b75fab86956663e1819cd,144a3f71a03ab7c4f46f9656608efdb2,11-50
aba3b6fd5d186d28e06ff97135cade7f,9a96876e2f8f3dc4f3cf45f02c61c0c1,1-10
4e0928de075538c593fbdabb0c5ef2c3,5e388103a391daabe3de1d76a6739ccd,11-50
ec8ce6abb3e952a85b8551ba726a1227,a0160709701140704575d499c997b6ca,11-50
2dace78f80bc92e6d7493423d729448e,d86ea612dec96096c5e0fcc8dd42ab6d,51-100
4fac9ba115140ac4f1c22da82aa0bc7f,2823f4797102ce1a1aec05359cc16dd9,11-50
54f5f4071faca32ad5285fef87b78646,6a61d423d02a1c56250dc23ae7ff12f3,11-50
67c6a1e7ce56d3d6fa748ab6d9af3fd7,8e6b42f1644ecb1327dc03ab345e618b,11-50
7eb3c8be3d411e8ebfab08eba5f49632,fd2c5e4680d9a01dba3aada5ece22270,101-200
edfbe1afcf9246bb0d40eb4d8027d90f,33e8075e9970de0cfea955afd4644bb2,
6f3e29a35278d71c7f65495871231324,1e056d2b0ebd5c878c550da6ac5d3724,11-50
0fcbc61acd0479dc77e3cccc0f5ffca7,5eac43aceba42c8757b54003a58277b5,1-10
c4492cbe90fbdbf88a5aec486aa81ed5,7e7e69ea3384874304911625ac34321c,1-10
ec8ce6abb3e952a85b8551ba726a1227,087408522c31eeb1f982bc0eaf81d35f,11-50
95151403b0db4f75bfd8da0b393af853,83fa5a432ae55c253d0e60dbfa716723,11-50
6f3e29a35278d71c7f65495871231324,b56a18e0eacdf51aa2a5306b0f533204,11-50
d7322ed717dedf1eb4e6e52a37ea7bcd,f1c1592588411002af340cbaedd6fc33,
4ca82782c5372a547c104929f03fe7a9,3bf55bbad370a8fcad1d09b005e278c2,1-10
be3159ad04564bfb90db9e32851ebf9c,bbcbff5c1f1ded46c25d28119a85c6c2,51-100
42e77b63637ab381e8be5f8318cc28a2,821fa74b50ba3f7cba1e6c53e8fa6845,201-500
dc09c97fd73d7a324bdbfe7c79525f64,43dd49b4fdb9bede653e94468ff8df1e,11-50
c4015b7f368e6b4871809f49debe0579,e7f8a7fb0b77bcb3b283af5be021448f,1-10
4ca82782c5372a547c104929f03fe7a9,96ea64f3a1aa2fd00c72faacf0cb8ac9,1-10
571e0f7e2d992e738adff8b1bd43a521,6e7b33fdea3adc80ebd648fffb665bb8,11-50
6cfe0e6127fa25df2a0ef2ae1067d915,e49b8b4053df9505e1f48c3a701c0682,1-10
a9b7ba70783b617e9998dc4dd82eb3c5,1905aedab9bf2477edc068a355bba31a,1-10
ed265bc903a5a097f61d3ec064d96d2e,18997733ec258a9fcaf239cc55d53363,101-200
e5a4d6bf330f23a8707bb0d6001dfbe8,81dc9bdb52d04dc20036dbd8313ed055,11-50
66f041e16a60928b05a7e228a89c3799,138bb0696595b338afbab333c555292a,201-500
be3159ad04564bfb90db9e32851ebf9c,18d8042386b79e2c279fd162df0205c8,51-100
2387337ba1e0b0249ba90f55b2ba2521,88ae6372cfdc5df69a976e893f4d554b,201-500
eddea82ad2755b24c4e168c5fc2ebd40,6a2feef8ed6a9fe76d6b3f30f02150b4,11-50
7eacb532570ff6858afd2723755ff790,c86a7ee3d8ef0b551ed58e354a836f2b,201-500
aba3b6fd5d186d28e06ff97135cade7f,67f7fb873eaf29526a11a9b7ac33bfac,1-10
6d9c547cf146054a5a720606a7694467,437d7d1d97917cd627a34a6a0fb41136,201-500
25ddc0f8c9d3e22e03d3076f98d83cb2,f64eac11f2cd8f0efa196f8ad173178e,
4ea06fbc83cdd0a06020c35d50e1e89a,a9eb812238f753132652ae09963a05e9,51-100
cdc0d6e63aa8e41c89689f54970bb35f,df7f28ac89ca37bf1abd2f6c184fe1cf,51-100
9c82c7143c102b71c593d98d96093fde,a8abb4bb284b5b27aa7cb790dc20f80b,11-50
92fb0c6d1758261f10d052e6e2c1123c,07871915a8107172b3b5dc15a6574ad3,1-10
90db9da4fc5414ab55a9fe495d555c06,4fac9ba115140ac4f1c22da82aa0bc7f,11-50
7f1171a78ce0780a2142a6eb7bc4f3c8,854d9fca60b4bd07f9bb215d59ef5561,51-100
43dd49b4fdb9bede653e94468ff8df1e,4daa3db355ef2b0e64b472968cb70f0d,101-200
1aa48fc4880bb0c9b8a3bf979d3b917e,291597a100aadd814d197af4f4bab3a7,101-200
54e36c5ff5f6a1802925ca009f3ebb68,147702db07145348245dc5a2f2fe5683,11-50
4c22bd444899d3b6047a10b20a2f26db,90794e3b050f815354e3e29e977a88ab,51-100
a01610228fe998f515a72dd730294d87,aff1621254f7c1be92f64550478c56e6,1-10
e5e63da79fcd2bebbd7cb8bf1c1d0274,f29b38f160f87ae86df31cee1982066f,501-1000
299570476c6f0309545110c592b6a63b,b3ba8f1bee1238a2f37603d90b58898d,11-50
53e3a7161e428b65688f14b84d61c610,75fc093c0ee742f6dddaa13fff98f104,101-200
ec8ce6abb3e952a85b8551ba726a1227,e2230b853516e7b05d79744fbd4c9c13,11-50
9da187a7a191431db943a9a5a6fec6f4,b0b183c207f46f0cca7dc63b2604f5cc,1-10
df877f3865752637daa540ea9cbc474f,b706835de79a2b4e80506f582af3676a,1-10
e49b8b4053df9505e1f48c3a701c0682,076a0c97d09cf1a0ec3e19c7f2529f2b,51-100
e555ebe0ce426f7f9b2bef0706315e0c,31839b036f63806cba3f47b93af8ccb5,
b73dfe25b4b8714c029b37a6ad3006fa,e1d5be1c7f2f456670de3d53c7b54f4a,
f0adc8838f4bdedde4ec2cfad0515589,7501e5d4da87ac39d782741cd794002d,11-50
291597a100aadd814d197af4f4bab3a7,5c936263f3428a40227908d5a3847c0b,
4496bf24afe7fab6f046bf4923da8de6,b51a15f382ac914391a58850ab343b00,11-50
b5dc4e5d9b495d0196f61d45b26ef33e,fa3a3c407f82377f55c19c5d403335c7,51-100
2dace78f80bc92e6d7493423d729448e,d7a728a67d909e714c0774e22cb806f2,51-100
443cb001c138b2561a0d90720d6ce111,d81f9c1be2e08964bf9f24b15f0e4900,
b5b41fac0361d157d9673ecb926af5ae,ae0eb3eed39d2bcef4622b2499a05fe6,
64223ccf70bbb65a3a4aceac37e21016,912d2b1c7b2826caf99687388d2e8f7c,1-10
