tagID,keyword
602d1305678a8d5fdb372271e980da6a,Amazon Web Services(AWS)
e3251075554389fe91d17a794861d47b,Tensorflow
a1d50185e7426cbb0acad1e6ca74b9aa,Docker
884d79963bd8bc0ae9b13a1aa71add73,Git
4122cb13c7a474c1976c9706ae36521d,Python
6e7d2da6d3953058db75714ac400b584,Go
208e43f0e45c4c78cafadb83d2888cb6,Deep Learning
fe2d010308a6b3799a3d9c728ee74244,Machine Learning
42d6c7d61481d1c21bd1635f59edae05,JSP
97416ac0f58056947e2eb5d5d253d4f2,Framework7
0e095e054ee94774d6a496099eb1cf6a,JavaScript
6ecbdd6ec859d284dc13885a37ce8d81,CAD
6d3a1e06d6a06349436bc054313b648c,Qt
bb04af0f7ecaee4aae62035497da1387,C++
e702e51da2c0f5be4dd354bb3e295d37,C
f47330643ae134ca204bf6b2481fec47,Java
109d2dd3608f669ca17920c511c2a41e,D3.js
81dc9bdb52d04dc20036dbd8313ed055,ReactJS
801c14f07f9724229175b8ef8b4585a8,CSS
7d771e0e8f3633ab54856925ecdefc5d,HTML
8a3363abe792db2d8761d6403605aeb7,Django
da11e8cd1811acb79ccf0fd62cd58f86,Database
71a58e8cb75904f24cde464161c3e766,Microservice Architecture
838e8afb1ca34354ac209f53d90c3a43,SQL
c8ba76c279269b1c6bc8a07e38e78fa4,MySQL
a9078e8653368c9c291ae2f8b74012e7,Ruby on Rails
69a5b5995110b36a9a347898d97a610e,Capistrano
5680522b8e2bb01943234bce7bf84534,Jenkins
3bf55bbad370a8fcad1d09b005e278c2,Swift
6a61d423d02a1c56250dc23ae7ff12f3,Objective-C
6eb6e75fddec0218351dc5c0c8464104,iOS
8e2cfdc275761edc592f73a076197c33,Webpack
c9f95a0a5af052bffce5c89917335f67,Apache HTTP Server
6c8dba7d0df1c4a79dd07646be9a26c8,Vue.js
3948ead63a9f2944218de038d8934305,Node.js
9adeb82fffb5444e81fa0ce8ad8afe7a,Linux
a4d2f0d23dcc84ce983ff9157f8b7f88,NLP
a0833c8a1817526ac555f8d67727caf6,Image Processing
95151403b0db4f75bfd8da0b393af853,HTML5
3fe78a8acf5fda99de95303940a2420c,C#
db2b4182156b2f1f817860ac9f409ad7,AWS RDS
c4851e8e264415c4094e4e85b0baa7cc,PHP
2ba8698b79439589fdd2b0f7218d8b07,Spring
e034fb6b66aacc1d48f445ddfb08da98,React Native
aace49c7d80767cffec0e513ae886df0,Android
9a3d458322d70046f63dfd8b0153ece4,Kotlin
4e2545f819e67f0615003dd7e04a6087,AWS EC2
d282ef263719ab842e05382dc235f69e,Kubernetes
38ca89564b2259401518960f7a06f94b,GitHub
c1e39d912d21c91dce811d6da9929ae8,Apache ZooKeeper
491442df5f88c6aa018e86dac21d3606,Memcached
81e5f81db77c596492e6f1a5a792ed53,Spring Boot
6c14da109e294d1e8155be8aa4b1ce8e,PyTorch
0c048b3a434e49e655c1247efb389cec,Firebase
bd4c9ab730f5513206b999ec0d90d1fb,REST API
0e9fa1f3e9e66792401a6972d477dcc3,Realm
8248a99e81e752cb9b41da3fc43fbe7f,Data Analysys
b147a61c1d07c1c999560f62add6dbc7,DevExpress
11c484ea9305ea4c7bb6b2e6d570d466,Google AI Hub
fc3cf452d3da8402bebb765225ce8c0e,Oracle Database
bb03e43ffe34eeb242a2ee4a4f125e56,Unix
8f1d43620bc6bb580df6e80b0dc05c48,Apache Tomcat
b24d516bb65a5a58079f0f3526c87c57,OpenCV
a26398dca6f47b49876cbaffbc9954f9,.NET
4da04049a062f5adfe81b67dd755cecc,AngularJS
68a83eeb494a308fe5295da69428a507,Unity
03f544613917945245041ea1581df0c2,Ajax
a58149d355f02887dfbe55ebb2b64ba3,MSSQL(Microsoft SQL Server)
6e2713a6efee97bacb63e52c54f0ada0,Data mining
2dffbc474aa176b6dc957938c15d0c8b,Angular
97af4fb322bb5c8973ade16764156bed,Jekyll
905056c1ac1dad141560467e0a99e1cf,Selenium
cd758e8f59dfdf06a852adad277986ca,TypeScript
03e7ef47cee6fa4ae7567394b99912b7,Numpy
06964dce9addb1c5cb5d6e3d9838f733,AWS Glue
8c9f32e03aeb2e3000825c8c875c4edd,Pandas
a5e0ff62be0b08456fc7f1e88812af3d,AWS Redshift
87ec2f451208df97228105657edb717f,GCP(Google Cloud Platform)
b5488aeff42889188d03c9895255cecc,Nuxt.js
70efba66d3d8d53194fb1a8446ae07fa,Next.js
46515dcd99ea50dd0671bc6840830404,Less.js
2de5d16682c3c35007e4e92982f1a2ba,Sass(SCSS)
7bccfde7714a1ebadf06c5f4cea752c1,Redux.js
6b8eba43551742214453411664a0dcc8,Vuex
45f31d16b1058d586fc3be7207b58053,ES6
a223c6b3710f85df22e9377d6c4f7553,Electron
39e4973ba3321b80f37d9b55f63ed8b8,Apache Spark
36a1694bce9815b7e38a9dad05ad42e0,Apache Hadoop
1e1d184167ca7676cf665225e236a3d2,GraphQL
f7f580e11d00a75814d2ded41fe8e8fe,Datadog
8597a6cfa74defcbde3047c891d78f90,Azure
1c65cef3dfd1e00c0b03923a1c591db4,Rust
e1d5be1c7f2f456670de3d53c7b54f4a,Scala
ab1a4d0dd4d48a2ba1077c4494791306,NoSQL
a49e9411d64ff53eccfdd09ad10a15b3,Ionic
a42a596fc71e17828440030074d15e74,Laravel
e53a0a2978c28872a4505bdb51db06dc,R
9996535e07258a7bbfd8b132435c5962,Redis
9701a1c165dd9420816bfec5edd6c2b1,Nginx
eb86d510361fc23b59f18c1bc9802cc6,PostgreSQL
43cca4b3de2097b9558efefd0ecc3588,Oracle
26588e932c7ccfa1df309280702fe1b5,Ubuntu
285ab9448d2751ee57ece7f762c39095,MongoDB
52292e0c763fd027c6eba6b8f494d2eb,Keras
2b6d65b9a9445c4271ab9076ead5605a,jQuery
50c3d7614917b24303ee6a220679dab3,Vuetify.js
ffeed84c7cb1ae7bf4ec4bd78275bb98,Bootstrap
82cec96096d4281b7c95cd7e74623496,TCP/IP
cfa5301358b9fcbe7aa45b1ceea088c6,ASP.NET
4079016d940210b4ae9ae7d41c4a2065,Entity Framework
69d658d0b2859e32cd4dc3b970c8496c,RxJava
fccb3cdc9acc14a6e70a12f74560c026,RxSwift
c7635bfd99248a2cdef8249ef7bfbef4,BitBucket
1e6e0a04d20f50967c64dac2d639a577,AWS S3
123b7f02433572a0a560e620311a469c,PKI(Public key infrastructure)
217c0e01c1828e7279051f1b6675745d,NestJS
285f89b802bcb2651801455c86d78f2a,ExpressJS
d38901788c533e8286cb6400b40b386d,Ruby
df0aab058ce179e4f7ab135ed4e641a9,Elasticsearch
489d0396e6826eb0c1e611d82ca8b215,WordPress
3eb71f6293a2a31f3569e10af6552658,Grunt
a113c1ecd3cace2237256f4c712f61b5,gulp
e92d74ccacdc984afa0c517ad0d557a6,CSS3
17fafe5f6ce2f1904eb09d2e80a4cbf6,AWS Simple Queue Service(AWS SQS)
41a60377ba920919939d83326ebee5a1,AWS ECS
b1c00bcd4b5183705c134b3365f8c45e,DSP(Digital Signal Processing)
0eec27c419d0fe24e53c90338cdc8bc6,AWS IAM
c21002f464c5fc5bee3b98ced83963b8,Blockchain
e8b1cbd05f6e6a358a81dee52493dd06,Ethereum
372d3f309fef061977fb2f7ba36d74d2,Naver Cloud Platform
16e6a3326dd7d868cbc926602a61e4d0,Flask
2421fcb1263b9530df88f7f002e78ea5,SQLAlchemy
7501e5d4da87ac39d782741cd794002d,MariaDB
83f97f4825290be4cb794ec6a234595f,Hibernate
8f19793b2671094e63a15ab883d50137,JPA(Java Persistent API)
6d9cb7de5e8ac30bd5e8734bc96a35c1,Spring Cloud
944bdd9636749a0801c39b6e449dbedc,WPF
0f2c9a93eea6f38fabb3acb1c31488c6,Google Cloud Platform
c60d060b946d6dd6145dcbad5c4ccf6f,AWS Lambda
2d2ca7eedf739ef4c3800713ec482e1a,Cocos2d
1d72310edc006dadf2190caad5802983,OpenGL
0ce2ffd21fc958d9ef0ee9ba5336e357,WebGL
309a8e73b2cdb95fc1affa8845504e87,Expo
9d7311ba459f9e45ed746755a32dcd11,AWS EKS
71e09b16e21f7b6919bbfc43f6a5b2f0,AWS Security Hub
07cb5f86508f146774a2fac4373a8e50,OpenLayers
c6036a69be21cb660499b75718a3ef24,Babel
06eb61b839a0cefee4967c67ccb099dc,Socket.IO
ebd6d2f5d60ff9afaeda1a81fc53e2d0,RabbitMQ
7d04bbbe5494ae9d2f5a76aa1c00fa2f,RxJS
43351f7bf9a215be70c2c2caa7555002,MVP
0d7de1aca9299fe63f3e0041f02638a3,OkHttp
db85e2590b6109813dafa101ceb2faeb,Retrofit
147702db07145348245dc5a2f2fe5683,MATLAB
33ceb07bf4eeb3da587e268d663aba1a,MXNET
7810ccd41bf26faaa2c4e1f20db70a71,SQLite
2f29b6e3abc6ebdefb55456ea6ca5dc8,Gradle
fc528592c3858f90196fbfacc814f235,Redux-Saga
3a029f04d76d32e79367c4b3255dda4d,OpenStack
2812e5cf6d8f21d69c91dddeefb792a7,Ansible
e6d8545daa42d5ced125a4bf747b3688,Shell
3210ddbeaa16948a702b6049b8d9a202,Perl
a01610228fe998f515a72dd730294d87,MVC
dbe272bab69f8e13f14b405e038deb64,ActionScript
a0f3601dc682036423013a5d965db9aa,CI/CD
063e26c670d07bb7c4d30e6fc69fe056,RxAndroid
fec87a37cdeec1c6ecf8181c0aa2d3bf,GatsbyJS
f3173935ed8ac4bf073c1bcd63171f8a,Puppeteer
7bd28f15a49d5e5848d6ec70e584e625,Red Hat Ceph Storage
ad71c82b22f4f65b9398f76d8be4c615,CodeIgniter
9683cc5f89562ea48e72bb321d9f03fb,Elastic Stack
a9be4c2a4041cadbf9d61ae16dd1389e,Aurora DB
1943102704f8f8f3302c2b730728e023,Azure Linux Virtual Machines
884ce4bb65d328ecb03c598409e2b168,Apache Subversion(SVN)
f7cade80b7cc92b991cf4d2806d6bd78,Mocha
d6723e7cd6735df68d1ce4c704c29a04,AWS DynamoDB
0c8ce55163055c4da50a81e0a273468c,AWS ElasticBeanstalk
c88d8d0a6097754525e02c2246d8d27f,MyBatis
a70dc40477bc2adceef4d2c90f47eb82,CocoaPods
325995af77a0e8b06d1204a171010b3a,MVVM(Model-View-ViewModel)
b3b43aeeacb258365cc69cdaf42a68af,Google Cloud SDK
f4573fc71c731d5c362f0d7860945b88,Unreal Engine
883e881bb4d22a7add958f2d6b052c9f,IOCP
4e4e53aa080247bc31d0eb4e7aeb07a0,Microsoft IIS
6c524f9d5d7027454a783c841250ba71,Apache
e4dd5528f7596dcdf871aa55cfccc53c,AWS Backup
b20bb95ab626d93fd976af958fbc61ba,Apache Kafka
e00406144c1e7e35240afed70f34166a,XML
076023edc9187cf1ac1f1163470e479a,Linux kernel
9185f3ec501c674c7c788464a36e7fb3,Azure Text Analytics
82c2559140b95ccda9c6ca4a8b981f1e,JUnit
a7d8ae4569120b5bec12e7b6e9648b86,Heroku
6a5889bb0190d0211a991f47bb19a777,PostCSS
fd2c5e4680d9a01dba3aada5ece22270,Cocoa
d6288499d0083cc34e60a077b7c4b3e1,Embedded System
fe70c36866add1572a8e2b96bfede7bf,Kibana
c913303f392ffc643f7240b180602652,Fluentd
47a658229eb2368a99f1d032c8848542,Consul
50abc3e730e36b387ca8e02c26dc0a22,Nexus
5caf41d62364d5b41a893adc1a9dd5d4,Packer
996009f2374006606f4c0b0fda878af1,Terraform
b9f94c77652c9a76fc8a442748cd54bd,Google Firebase Crashlytics
365d17770080c807a0e47ae9118d8641,Apache ActiveMQ
f8bf09f5fceaea80e1f864a1b48938bf,AWS X-Ray
1bb91f73e9d31ea2830a5e73ce3ed328,Responsive Web
70fcb77e6349f4467edd7227baa73222,Celery
54f5f4071faca32ad5285fef87b78646,Google Cloud Natural Language
f09696910bdd874a99cd74c8f05b5c44,Google Dialogflow
9c3b1830513cc3b8fc4b76635d32e692,ASP
9b698eb3105bd82528f23d0c92dedfc0,Shell Script
18ead4c77c3f40dabf9735432ac9d97a,Sketch
6cdd60ea0045eb7a6ec44c54d29ed402,Adobe Photoshop
2715518c875999308842e3455eda2fe3,OOP
144a3f71a03ab7c4f46f9656608efdb2,Microsoft Azure
abea47ba24142ed16b7d8fbf2c740e0d,GitLab
3a15c7d0bbe60300a39f76f8a5ba6896,Backbone.js
dc09c97fd73d7a324bdbfe7c79525f64,gRPC
1c54985e4f95b7819ca0357c0cb9a09f,Spring Batch
aff0a6a4521232970b2c1cf539ad0a19,Spring Data JPA
6a2feef8ed6a9fe76d6b3f30f02150b4,AWS API Gateway
5751ec3e9a4feab575962e78e006250d,styled-components
51de85ddd068f0bc787691d356176df9,Windows kernel
93fb9d4b16aa750c7475b6d601c35c2c,JIRA
2cfd4560539f887a5e420412b370b361,Big Data
bd5af7cd922fd2603be4ee3dc43b0b77,Azure Service Fabric
e555ebe0ce426f7f9b2bef0706315e0c,RxKotlin
130f1a8e9e102707f3f91b010f151b0b,Dependency Lookup
20d135f0f28185b84a4cf7aa51f29500,Arduino
f91e24dfe80012e2a7984afa4480a6d6,Raspberry Pi
81e74d678581a3bb7a720b019f4f1a93,CUDA
2c89109d42178de8a367c0228f169bf8,Scikit-Learn
6974ce5ac660610b44d9b9fed0ff9548,Axios
c6e19e830859f2cb9f7c8f8cacb8d2a6,web3.js
56468d5607a5aaf1604ff5e15593b003,AWS ElastiCache
e6c2dc3dee4a51dcec3a876aa2339a78,Vue CLI
fc9b003bb003a298c2ad0d05e4342bdc,Google Cloud Firestore
b51a15f382ac914391a58850ab343b00,Windows Embedded
309fee4e541e51de2e41f21bebb342aa,UML
63dc7ed1010d3c3b8269faf0ba7491d4,gensim
277281aada22045c03945dcb2ca6f2ec,DRF(Django REST framework)
72e6d3238361fe70f22fb0ac624a7072,Redux-Observable
bb7946e7d85c81a9e69fee1cea4a087c,i18n
1579779b98ce9edb98dd85606f2c119d,mSQL
4e6cd95227cb0c280e99a195be5f6615,NCP(Naver Cloud Platform)
6ba3af5d7b2790e73f0de32e5c8c1798,Google API
e94f63f579e05cb49c05c2d050ead9c0,ThreeJS
d88518acbcc3d08d1f18da62f9bb26ec,Canvas
3b712de48137572f3849aabd5666a4e3,Bamboo
f18a6d1cde4b205199de8729a6637b42,Jest
b710915795b9e9c02cf10d6d2bdb688c,Logstash
41bfd20a38bb1b0bec75acf0845530a7,AWS CloudWatch
a2557a7b2e94197ff767970b67041697,InVision
6f3e29a35278d71c7f65495871231324,Machine Vision
35464c848f410e55a13bb9d78e7fddd0,MQTT
9766527f2b5d3e95d4a733fcfb77bd7e,Regular expression
351b33587c5fdd93bd42ef7ac9995a28,WebSocket
e4873aa9a05cc5ed839561d121516766,OAuth
5ef059938ba799aaa845e1c2e8a762bd,Zuul
995665640dc319973d3173a74a03860c,Solidity
bcc0d400288793e8bdcd7c19a8ac0c2b,Apache Cordova
67e103b0761e60683e83c559be18d40c,ncurses
b571ecea16a9824023ee1af16897a582,MeteorJS
02522a2b2726fb0a03bb19f2d8d9524d,Underscore.js
f93882cbd8fc7fb794c1011d63be6fb6,3Ds Max
53f0d7c537d99b3824f0f99d62ea2428,JavaFX
495dabfd0ca768a3c3abd672079f48b6,Chrome Extension
bbcbff5c1f1ded46c25d28119a85c6c2,GPS
4f6ffe13a5d75b2d6a3923922b3922e5,Bluetooth
996a7fa078cc36c46d02f9af3bef918b,Volley
9f61408e3afb633e50cdf1b20de6f466,ExoPlayer
1cd3882394520876dc88d1472aa2a93f,WebRTC
41ae36ecb9b3eee609d05b90c14222fb,FCM(Firebase Cloud Messaging)
48ab2f9b45957ab574cf005eb8a76760,Samsung ARTIK
f7e0b956540676a129760a3eae309294,T map API
c1fea270c48e8079d8ddf7d06d26ab52,Google Maps API
4e8412ad48562e3c9934f45c3e144d48,Vanilla JS
dabd8d2ce74e782c65a973ef76fd540b,Hyperledger
dd77279f7d325eec933f05b1672f6a1f,AWS Elastic Load Balancing
d77f00766fd3be3f2189c843a6af3fb2,AWS Auto Scaling
68b1fbe7f16e4ae3024973f12f3cb313,AWS CloudFront
1359aa933b48b754a2f54adb688bfa77,AWS WAF & Shield
819c9fbfb075d62a16393b9fe4fcbaa5,AWS CLI(AWS Command Line Interface)
c667d53acd899a97a85de0c201ba99be,AWS Simple Notification Service(AWS SNS)
4a06d868d044c50af0cf9bc82d2fc19f,BeautifulSoup
26408ffa703a72e8ac0117e74ad46f33,App Inventor
5eac43aceba42c8757b54003a58277b5,Scratch
2ac2406e835bd49c70469acae337d292,IoT
01d8bae291b1e4724443375634ccfa0e,Beacon
1113d7a76ffceca1bb350bfe145467c6,AWS Amplify
5a7f963e5e0504740c3a6b10bb6d4fa5,AWS AppSync
c4de8ced6214345614d33fb0b16a8acd,AWS Cognito
7cf64379eb6f29a4d25c4b6a2df713e4,Jsoup
f3f1b7fc5a8779a9e618e1f23a7b7860,centOS
f9be311e65d81a9ad8150a60844bb94c,MFC
ed57844fa5e051809ead5aa7e3e1d555,Yona
7d12b66d3df6af8d429c1a357d8b9e1a,JNI(Java Native Interface)
05f971b5ec196b8c65b75d2ef8267331,FFmpeg
b427426b8acd2c2e53827970f2c2f526,Seaborn
49af6c4e558a7569d80eee2e035e2bd7,Spring Security
539fd53b59e3bb12d203f45a912eeaf2,Thymeleaf
e58cc5ca94270acaceed13bc82dfedf7,Apache Maven
95e6834d0a3d99e9ea8811855ae9229d,Apache Velocity
0d4f4805c36dc6853edfa4c7e1638b48,SEO
df12ecd077efc8c23881028604dbb8cc,Quartz
faafda66202d234463057972460c04f5,Java Servlet
9a4400501febb2a95e79248486a5f6d3,PowerBuilder
58ae749f25eded36f486bc85feb3f0ab,Facebook API
2c6ae45a3e88aee548c0714fad7f8269,Apollo Client
962e56a8a0b0420d87272a682bfd1e53,TypeORM
6cd67d9b6f0150c77bda2eda01ae484c,Passport.js
fb89705ae6d743bf1e848c206e16a1d7,Mongoose
9ad6aaed513b73148b7d49f70afcfb32,Blender
7e1d842d0f7ee600116ffc6b2d87d83f,Semantic UI
4588e674d3f0faf985047d4c3f13ed0d,Delphi
d8e1344e27a5b08cdfd5d027d9b8d6de,React Hooks API
81b073de9370ea873f548e31b8adc081,MongoDB Atlas
b7f1f29db7c23648f2bb8d6a8ee0469b,Material-UI
204da255aea2cd4a75ace6018fad6b4d,Sequelize.js
a368b0de8b91cfb3f91892fbf1ebd4b2,Travis CI
96da2f590cd7246bbde0051047b0d6f7,Pug
a8c88a0055f636e4a163a5e3d16adab7,JWT
cd10c7f376188a4a2ca3e8fea2c03aeb,TensorFlow.js
97275a23ca44226c9964043c8462be96,CNN(Convolutional Neural Network)
61b1fb3f59e28c67f3925f3c79be81a1,Apache Flume
cb79f8fa58b91d3af6c9c991f63962d3,Apache Sqoop
ffeabd223de0d4eacb9a3e6e53e5448d,YOLO
a14ac55a4f27472c5d894ec1c3c743d2,KoNLPy
83f2550373f2f19492aa30fbd5b57512,CAPL
9407c826d8e3c07ad37cb2d13d1cb641,AUTOSAR
2b3bf3eee2475e03885a110e9acaab61,Trello
8bdb5058376143fa358981954e7626b8,PyQT
228499b55310264a8ea0e27b6e7c6ab6,Design Pattern
f976b57bb9dd27aa2e7e7df2825893a6,Naver Clova API
c930eecd01935feef55942cc445f708f,Google Cloud Datastore
7e05d6f828574fbc975a896b25bb011e,Redux-Thunk
c8067ad1937f728f51288b3eb986afaa,NHN Toast Compute
6211080fa89981f66b1a0c9d55c61d0f,Naver API
e60e81c4cbe5171cd654662d9887aec2,MobX
af5afd7f7c807171981d443ad4f4f648,Apache Mahout
182e6c2d3d78eef40e5dac7da77a748f,Kakao Map API
4f398cb9d6bc79ae567298335b51ba8a,H2 Database
a0160709701140704575d499c997b6ca,AWS Route 53
7e3b7a5bafcb0fa8e8dfe3ea6aca9186,DirectX
5ea1649a31336092c05438df996a3e59,SVM(Support-vector machine)
1177967c7957072da3dc1db4ceb30e7a,Tesseract OCR
286674e3082feb7e5afb92777e48821f,ibatis
0efe32849d230d7f53049ddc4a4b0c60,JSTL
1368ba1ab6ed38bb1f26f36673739d54,Azure Dedicated HSM
a3fb4fbf9a6f9cf09166aa9c20cbc1ad,Google Analytics
daa96d9681a21445772454cbddf0cac1,AWS Elastic Beanstalk
861dc9bd7f4e7dd3cccd534d0ae2a2e9,Angular5
b495ce63ede0f4efc9eec62cb947c162,Apache Struts
4ebd440d99504722d80de606ea8507da,SPSS
b7b16ecf8ca53723593894116071700c,Glide
3e89ebdb49f712c7d90d1b39e348bbbf,PWA(Progressive Web App)
55b1927fdafef39c48e5b73b5d61ea60,ESLint
57bafb2c2dfeefba931bb03a835b1fa9,KakaoLink API
d16509f6eaca1022bd8f28d6bc582cae,Slack API
e58aea67b01fa747687f038dfde066f6,Naver Map API
d1dc3a8270a6f9394f88847d7f0050cf,SAP
ebb71045453f38676c40deb9864f811d,Apollo Server
feab05aa91085b7a8012516bc3533958,DigitalOcean
fb2e203234df6dee15934e448ee88971,Xplatform
a2cc63e065705fe938a4dda49092966f,Jeus
f52378e14237225a6f6c7d802dc6abbd,Apache Hive
ea8fcd92d59581717e06eb187f10666d,Superset
55b37c5c270e5d84c793e486d798c01d,BLE(Bluetooth Low Energy)
452bf208bf901322968557227b8f6efe,JDBC(Java Database Connectivity)
2b8a61594b1f4c4db0902a8a395ced93,Tibero
bffc98347ee35b3ead06728d6f073c68,Google Geolocation API
006f52e9102a8d3be2fe5614f42ba989,Google Cloud Functions
f7e6c85504ce6e82442c770f7c8606f0,Google Cloud Storage
b2531e7bb29bf22e1daae486fae3417a,Netlify
49ad23d1ec9fa4bd8d77d02681df5cfa,Apache James
ff1418e8cc993fe8abcfe3ce2003e5c5,Apache JMeter
45645a27c4f1adc8a7a835976064a86d,Wireshark
1651cf0d2f737d7adeab84d339dbabd3,Angular Material
64a08e5f1e6c39faeb90108c430eb120,Retrofit2
ab452534c5ce28c4fbb0e102d4a4fb2e,GIS(Geographic Information System)
852c44ddce7e0c7e4c64d86147300831,GeoServer
1896a3bf730516dd643ba67b4c447d36,Apache HBase
be3e9d3f7d70537357c67bb3f4086846,EOS
f6c79f4af478638c39b206ec30ab166b,ARM
4dcf435435894a4d0972046fc566af76,Couchbase Server
7cc532d783a7461f227a5da8ea80bfe1,WebtoB
e82c4b19b8151ddc25d4d93baf7b908f,KakaoTalk API
7eb3c8be3d411e8ebfab08eba5f49632,VR
ab8aa05e782481f55fc1412a97e7ac34,Swing
1e48c4420b7073bc11916c6c1de226bb,DDS
5b4130c9e891d39891289001cc97d86b,Moment.js
8b5040a8a5baf3e0e67386c2e3a9b903,Materialize
7a6a74cbe87bc60030a4bd041dd47b78,Chart.js
76dc611d6ebaafc66cc0879c71b5db5c,wpf
515ab26c135e92ed8bf3a594d67e4ade,Google Cloud Storage for Firebase
941e1aaaba585b952b62c14a3a175a61,ZXing
fddd7938a71db5f81fcc621673ab67b7,Google Firebase Realtime Database
e02e27e04fdff967ba7d76fb24b8069d,ECMAScript(ES)
193002e668758ea9762904da1a22337c,Wireframe
0a09c8844ba8f0936c20bd791130d6b6,EJS
3a20f62a0af1aa152670bab3c602feed,Kendo UI
32b991e5d77ad140559ffb95522992d0,Discord.js
160c88652d47d0be60bfbfed25111412,Jupyter
77f959f119f4fb2321e9ce801e2f5163,Parse Server
c8ed21db4f678f3b13b9d5ee16489088,AWS CodeDeploy
1b113258af3968aaf3969ca67e744ff8,Bixby
4a213d37242bdcad8e7300e202e7caa4,Apache Cassandra
89ae0fe22c47d374bc9350ef99e01685,Apache Solr
19bc916108fc6938f52cb96f7e087941,Swagger
68c694de94e6c110f42e587e8e48d852,Apache MINA
995e1fda4a2b5f55ef0df50868bf2a8f,ANSYS
d7322ed717dedf1eb4e6e52a37ea7bcd,STS
7f1de29e6da19d22b51c68001e7e0e54,cocos2d-x
11d0e6287202fced83f79975ec59a3a6,Google Cloud Translation
26751be1181460baf78db8d5eb7aad39,Google Cloud Text-to-Speech
250413d2982f1f83aa62a3a323cd2a87,KakaoPay API
3c1e4bd67169b8153e0047536c9f541e,Querydsl
fb89fd138b104dcf8e2077ad2a23954d,Zeplin
71f6278d140af599e06ad9bf1ba03cb0,Windows Forms
c15da1f2b5e5ed6e6837a3802f0d1593,Adobe Premiere
2b0f658cbffd284984fb11d90254081f,AWS Rekognition
e22312179bf43e61576081a2f250f845,EXTJS
8303a79b1e19a194f1875981be5bdb6f,Google Cloud Datalab
fd06b8ea02fe5b1c2496fe1700e9d16c,CloudFlare
b23975176653284f1f7356ba5539cfcb,Verilog
7940ab47468396569a906f75ff3f20ef,XAML
cd0f74b5955dc87fd0605745c4b49ee8,Data Binding
020bf2c45e7bb322f89a226bd2c5d41b,WinAPI
d6ef5f7fa914c19931a55bb262ec879c,Assembly
cee8d6b7ce52554fd70354e37bbf44a2,AWS Lightsail
5607fe8879e4fd269e88387e8cb30b7e,Handlebars.js
f1e2b2c9255d552500a833ac828cd635,Koa.js
2321994d85d661d792223f647000c65f,Parcel
c850371fda6892fbfd1c5a5b457e5777,Yarn
df4fe8a8bcd5c95cdb640aa9793bb32b,AWS VPC
ba9a56ce0a9bfa26e8ed9e10b2cc8f46,Apache Mynewt
fb60d411a5c5b72b2e7d3527cfc84fd0,Cobol
220c77af02f8ad8561b150d93000ddff,SciPy
2f4fe03d77724a7217006e5d16728874,HLS(HTTP Live Streaming)
fe709c654eac84d5239d1a12a4f71877,CircleCI
c6bff625bdb0393992c9d4db0c6bbe45,AWS Simple Email Service(AWS SES)
6602294be910b1e3c4571bd98c4d5484,Enzyme
959a557f5f6beb411fd954f3f34b21c3,Prisma
dc4c44f624d600aa568390f1f1104aa0,Visual Basic
1afa34a7f984eeabdbb0a7d494132ee5,AWS Cloud9
c0e190d8267e36708f955d7ab048990d,Vagrant
e9fd7c2c6623306db59b6aef5c0d5cac,Composer
24146db4eb48c718b84cae0a0799dcfc,Protocol Buffers
a0872cc5b5ca4cc25076f3d868e1bdf8,flutter
bad5f33780c42f2588878a9d07405083,Apache Airflow
d82118376df344b0010f53909b961db3,Apache Zeppelin
a1afc58c6ca9540d057299ec3016d726,nGrinder
e19347e1c3ca0c0b97de5fb3b690855a,Auth0
86d7c8a08b4aaa1bc7c599473f5dddda,Oracle WebLogic
52c5189391854c93e8a0e1326e56c14f,Alibaba Cloud
ac1ad983e08ad3304a97e147f522747e,Truffle
5f2c22cb4a5380af7ca75622a6426917,Chai
fd4f21f2556dad0ea8b7a5c04eabebda,ES5
242c100dc94f871b6d7215b868a875f8,ROS
299570476c6f0309545110c592b6a63b,Google Cloud Tools for PowerShell
24e27b869b66e9e62724bd7725d5d9c1,Spring Data
ffd52f3c7e12435a724a8f30fddadd9c,Highcharts
70c445ee64b1ed0583367a12a79a9ef2,Ganache CLI
5c50b4df4b176845cd235b6a510c6903,Apache Tiles
2a34abd6ebbd7fcf5a4421229c946c0a,Azure SQL Database
de7092ba6df4276921d27a3704c57998,Akka.NET
d8bf84be3800d12f74d8b05e9b89836f,Telegram Bot API
61b4a64be663682e8cb037d9719ad8cd,Phaser
a7a3d70c6d17a73140918996d03c014f,Upbit API
d30960ce77e83d896503d43ba249caf7,Azure Database for MySQL
8b0d268963dd0cfb808aac48a549829f,Java Persistence API
7c9d0b1f96aebd7b5eca8c3edaa19ebb,Cloudinary
9813b270ed0288e7c0388f0fd4ec68f5,Play Framework
735b90b4568125ed6c3f678819b6e058,Netty
17326d10d511828f6b34fa6d751739e2,VB .NET
4a5876b450b45371f6cfe5047ac8cd45,Google Firebase Authentication
045117b0e0a11a242b9765e79cbf113f,Google App Engine
b59c67bf196a4758191e42f76670ceba,AR
5dec707028b05bcbd3a1db5640f842c5,Photon
e8c0653fea13f91bf3c48159f7c24f78,JBoss
dbab2adc8f9d078009ee3fa810bea142,Sanic
eb0ecdb070a1a0ac46de0cd733d39cf3,ZeroMQ
3de568f8597b94bda53149c7d7f5958c,Akka
e8dfff4676a47048d6f0c4ef899593dd,Apache Groovy
9af76329c78e28c977ab1bcd1c3fe9b8,FxJS
fa2431bf9d65058fe34e9713e32d60e6,Klaytn
5e9f92a01c986bafcabbafd145520b13,splunk
443cb001c138b2561a0d90720d6ce111,hive
74071a673307ca7459bcf75fbd024e09,hyperledger
eecca5b6365d9607ee5a9d336962c534,Adobe Illustrato
28dd2c7955ce926456240b2ff0100bde,Sidekiq
c54e7837e0cd0ced286cb5995327d1ab,Lua
0768281a05da9f27df178b5c39a51263,Ehcache
d14220ee66aeec73c49038385428ec4c,ALB(Application Load Balancer)
389bc7bb1e1c2a5e7e147703232a88f6,OpenShift
194cf6c2de8e00c05fcf16c498adc7bf,Azure Face
61d77652c97ef636343742fc3dcf3ba9,Mapbox
5fd0b37cd7dbbb00f97ba6ce92bf5add,electron
250cf8b51c773f3f8dc8b4be867a9a02,puppeteer
42998cf32d552343bc8e460416382dca,★안드로이드
7fe1f8abaad094e0b5cb1b01d712f708,★reactjs
98b297950041a42470269d56260243a1,★css
428fca9bc1921c25c5121f9da7815cde,★유니티
754dda4b1ba34c6fa89716b85d68532b,Algolia
7c590f01490190db0ed02a5070e20f01,TF-IDF
07042ac7d03d3b9911a00da43ce0079a,Apache Flex
a89cf525e1d9f04d16ce31165e139a4b,AWS Alexa
4476b929e30dd0c4e8bdbcc82c6ba23a,AWS Alexa Skills
fc79250f8c5b804390e8da280b4cf06e,Lodash
dfd7468ac613286cdbb40872c8ef3b06,XMPP
19de10adbaa1b2ee13f77f679fa1483a,Apache Logging
39027dfad5138c9ca0c474d71db915c3,Apache Camel
25b2822c2f5a3230abfadd476e8b04c9,ArcMap
b139e104214a08ae3f2ebcce149cdf6e,Apache Tcl
2d3acd3e240c61820625fff66a19938f,Hypervisor
5b8e4fd39d9786228649a8a8bec4e008,Naver Papago API
bf62768ca46b6c3b5bea9515d1a1fc45,Google Cloud Vision
52d080a3e172c33fd6886a37e7288491,Google Cloud APIs
860320be12a1c050cd7731794e231bd3,OpenSSL
d7a84628c025d30f7b2c52c958767e76,AWS Kinesis
571e0f7e2d992e738adff8b1bd43a521,Clojure
0004d0b59e19461ff126e3a08a814c33,AWS CodeCommit
ad972f10e0800b49d76fed33a21f6698,uWSGI
347665597cbfaef834886adbb848011f,Django Channels
b21f9f98829dea9a48fd8aaddc1f159d,SiteMesh
7c4ede33a62160a19586f6e26eaefacf,Google Kubernetes Engine
01e00f2f4bfcbb7505cb641066f2859b,Google Cloud SQL
2cb6b10338a7fc4117a80da24b582060,Google Cloud Shell
778609db5dc7e1a8315717a9cdd8fd6f,Gunicorn
466accbac9a66b805ba50e42ad715740,MiPlatform
0771fc6f0f4b1d7d1bb73bbbe14e0e31,Google Apps Script
8698ff92115213ab187d31d4ee5da8ea,Google API Analytics
dc960c46c38bd16e953d97cdeefdbc68,Adobe XD
7437d136770f5b35194cb46c1653efaa,JSX
9597353e41e6957b5e7aa79214fcb256,Google BigQuery
5129a5ddcd0dcd755232baa04c231698,SockJS
ae1eaa32d10b6c886981755d579fb4d8,Lottie
65fc9fb4897a89789352e211ca2d398f,SendBird API
cda72177eba360ff16b7f836e2754370,Spring REST Docs
f499d34bd87b42948b3960b8f6b82e74,Toss API
dc513ea4fbdaa7a14786ffdebc4ef64e,AWS Elastic Transcoder
00e26af6ac3b1c1c49d7c3d79c60d000,Google Adwords
db576a7d2453575f29eab4bac787b919,ArcGIS
3473decccb0509fb264818a7512a8b9b,Haskell
b5baa9c23ac3e015ad287b17a3d4afa3,etcd
d827f12e35eae370ba9c65b7f6026695,Nexacro
102f0bb6efb3a6128a3c750dd16729be,AUIGrid
bf424cb7b0dea050a42b9739eb261a3a,Azure Cognitive Services
2df45244f09369e16ea3f9117ca45157,Tkinter
17e23e50bedc63b4095e3d8204ce063b,Scouter
894b77f805bd94d292574c38c5d628d5,Logback
0188e8b8b014829e2fa0f430f0a95961,Leaflet
2a50e9c2d6b89b95bcb416d6857f8b45,INFORMIX
66808e327dc79d135ba18e051673d906,Mockito
4b86abe48d358ecf194c56c69108433e,Microsoft Access
d759175de8ea5b1d9a2660e45554894f,CoffeeScript
97d98119037c5b8a9663cb21fb8ebf47,Google Cloud Tools for Eclipse
d8d31bd778da8bdd536187c36e48892b,Google Cloud Tools for IntelliJ
f7696a9b362ac5a51c3dc8f098b73923,PhoneGap
46b2644cbdf489fac0e2d192212d206d,Tizen
ac796a52db3f16bbdb6557d3d89d1c5a,Node-RED
c0a271bc0ecb776a094786474322cb82,WCF
b1300291698eadedb559786c809cc592,InfluxDB
d72fbbccd9fe64c3a14f85d225a046f4,Codeception
6d0f846348a856321729a2f36734d1a7,NFC
bd70364a8fcba02366697df66f50b4d4,UWP
8c00dee24c9878fea090ed070b44f1ab,Apache Commons DBCP
934815ad542a4a7c5e8a2dfa04fea9f5,Mobius
45fbc6d3e05ebd93369ce542e8f2322d,pandas
d2ed45a52bc0edfa11c2064e9edee8bf,Cuckoo Sandbox
1f4477bad7af3616c1f933a02bfabe4e,static_analysis
d045c59a90d7587d8d671b5f5aec4e7c,Dynamic analysis
0d0871f0806eae32d30983b62252da50,ida_python
9f53d83ec0691550f7d2507d57f4f5a2,VirusTotal API
40b5f25a228570053bc64a043c3f1833,Boto3
bc7f621451b4f5df308a8e098112185d,OpenWeather
d46e1fcf4c07ce4a69ee07e4134bcef1,AWS CloudFormation
96055f5b06bf9381ac43879351642cf5,AWS Elasticsearch Service
5be278a9e02bed9248a4674ff62fea2c,Neo4j
806beafe154032a5b818e97b4420ad98,Db2
149815eb972b3c370dee3b89d645ae14,Butter Knife
277a78fc05c8864a170e9a56ceeabc4c,AWS Athena
85d8ce590ad8981ca2c8286f79f59954,asm(Assembly language)
4a2ddf148c5a9c42151a529e8cbdcc06,Apache APR
55a988dfb00a914717b3000a3374694c,Sybase IQ
a9eb812238f753132652ae09963a05e9,RequireJS
da4fb5c6e93e74d3df8527599fa62642,C3.js
b73dfe25b4b8714c029b37a6ad3006fa,dlib
6766aa2750c19aad2fa1b32f36ed4aee,Apache POI
c2ba1bc54b239208cb37b901c0d3b363,Kivy
6cd9313ed34ef58bad3fdd504355e72c,GAN(Generative Adversarial Network)
a36b0dcd1e6384abc0e1867860ad3ee3,XGBoost
973a5f0ccbc4ee3524ccf035d35b284b,IBM Cloud
314450613369e0ee72d0da7f6fee773c,Hapi.js
a00e5eb0973d24649a4a920fc53d9564,AWS IoT Greengrass
a8f15eda80c50adb0e71943adc8015cf,Tableau
b3bbccd6c008e727785cb81b1aa08ac5,Google Data Studio
49ae49a23f67c759bf4fc791ba842aa2,Vuforia
b56a18e0eacdf51aa2a5306b0f533204,MPAndroidChart
c4492cbe90fbdbf88a5aec486aa81ed5,Google Cloud Healthcare API
07a9d3fed4c5ea6b17e80258dee231fa,GStreamer
10c66082c124f8afe3df4886f5e516e0,web3j
22722a343513ed45f14905eb07621686,Tensorflow Lite
ef67f7c2d86352c2c42e19d20f881f53,Windows Server
9da187a7a191431db943a9a5a6fec6f4,Google Tag Manager
a3788c8c64fd65c470e23e7534c3ebc8,Pygame
678a1491514b7f1006d605e9161946b1,Bower
66be31e4c40d676991f2405aaecc6934,Google Compute Engine
d860bd12ce9c026814bbdfc1c573f0f5,Apache Ambari
4c144c47ecba6f8318128703ca9e2601,AWS SageMaker
8c249675aea6c3cbd91661bbae767ff1,AWS ECR
de594ef5c314372edec29b93cab9d72e,Spinnaker
148510031349642de5ca0c544f31b2ef,DHTMLX
a78482ce76496fcf49085f2190e675b4,IBM AIX
daaaf13651380465fc284db6940d8478,PySpark
4a3e00961a08879c34f91ca0070ea2f5,AWS EMR
2c3ddf4bf13852db711dd1901fb517fa,Splunk
d3b1fb02964aa64e257f9f26a31f72cf,Dagger2
cdd96eedd7f695f4d61802f8105ba2b0,Quasar Framework
a226e450e214f350856e2980b6e55ac9,eGovFramework
4671aeaf49c792689533b00664a5c3ef,Ndk
5cbdfd0dfa22a3fca7266376887f549b,GPUImage
78b9cab19959e4af8ff46156ee460c74,AWS Key Management‎
0ebcc77dc72360d0eb8e9504c78d38bd,Apache Storm
e57c6b956a6521b28495f2886ca0977a,한글엑셀파워포인트
573eec40e4ef4f2089531dd5cbf629f8,Knockout.js
297fa7777981f402dbba17e9f29e292d,Couchbase
50905d7b2216bfeccb5b41016357176b,POSIX Library
8fb5f8be2aa9d6c64a04e3ab9f63feee,RethinkDB
68d309812548887400e375eaa036d2f1,Storybook
7eb7eabbe9bd03c2fc99881d04da9cbd,Google Apigee API Platform
17ed8abedc255908be746d245e50263a,Google Cloud Source Repositories
49182f81e6a13cf5eaa496d51fea6406,HLSL
13f320e7b5ead1024ac95c3b208610db,travisci
aba3b6fd5d186d28e06ff97135cade7f,Sinon.JS
621bf66ddb7c962aa0d22ac97d69b793,★
ebd9629fc3ae5e9f6611e2ee05a31cef,annotation
07563a3fe3bbe7e3ba84431ad9d055af,beautifulsoup
a86c450b76fb8c371afead6410d55534,recommendation
e5f6ad6ce374177eef023bf5d0c018b6,q-learning
71a3cb155f8dc89bf3d0365288219936,yolomarks
9fe8593a8a330607d76796b35c64c600,darknet
642e92efb79421734881b53e1e1b18b6,linux
072b030ba126b2f4b2374f342be9ed44,sql
52720e003547c70561bf5e03b95aa99f,restful
c20ad4d76fe97759aa27a0c99bff6710,mybatis
9bf31c7ff062936a96d3c8bd1f8f2ff3,json
4c27cea8526af8cfee3be5e183ac9605,공공데이터
6883966fd8f918a4aa29be29d2c386fb,directx
9fd81843ad7f202f26c1a174c7357585,베지어커브
94f6d7e04a4d452035300f18b984988c,조율
b1563a78ec59337587f6ab6397699afc,Action Script
c399862d3b9d6b76c8436e924a68c45b,Zeroboard
e5841df2166dd424a57127423d276bbe,octave
b4a528955b84f584974e92d025a75d1f,openai
e369853df766fa44e1ed0ff613f563bd,webrtc
9188905e74c28e489b44e954ec0b9bca,db
7250eb93b3c18cc9daa29cf58af7a004,SketchUp
01161aaa0b6d1345dd8fe4e481144d84,openapi
8bf1211fd4b7b94528899de0a43b9fb3,web
b5b41fac0361d157d9673ecb926af5ae,jsoup
8c6744c9d42ec2cb9e8885b54ff744d0,1
e4a6222cdb5b34375400904f03d8e6a5,2
8e98d81f8217304975ccb23337bb5761,sass
c5ff2543b53f4cc0ad3819a36752467b,logstash
01386bd6d8e091c2ab4c7c7de644d37b,kibana
f4be00279ee2e0a53eafdaa94a151e2c,mqtt
766ebcd59621e305170616ba3d3dac32,IPFS
3a066bda8c96b9478bb0512f0a43028c,apollo
e3796ae838835da0b6f6ea37bcf8bcb7,wxpython
c24cd76e1ce41366a4bbe8a49b02a028,multi-threading
f718499c1c8cef6730f9fd03c8125cab,tcpipprogramming
d6baf65e0b240ce177cf70da146c8dc8,tdd
07cdfd23373b17c6b337251c22b7ea57,pytest
92c8c96e4c37100777c7190b76d28233,automaticdeployment
2b44928ae11fb9384c4cf38708677c48,jenkins
3d2d8ccb37df977cb6d9da15b76c3f3a,konlpy
35cf8659cfcb13224cbd47863a34fc58,Doc2Vec
beb22fb694d513edcf5533cf006dfeae,countvectorize
1141938ba2c2b13f5505d7c424ebae5f,matplotlib
9c82c7143c102b71c593d98d96093fde,ppt
9be40cee5b0eee1462c82c6964087ff9,eclipse
24681928425f5a9133504de568f5f6df,elasticbeanstalk
f7177163c833dff4b38fc8d2872f1ec6,nginx
eaae339c4d89fc102edd9dbdb6a28915,opensource
a5cdd4aa0048b187f7182f1b9ce7a6a7,web3js
217eedd1ba8c592db97d0dbe54c7adfc,MetaMask
38af86134b65d0f10fe33d30dd76442e,passport
087408522c31eeb1f982bc0eaf81d35f,async/await
a760880003e7ddedfef56acb3b09697f,iamport
edfbe1afcf9246bb0d40eb4d8027d90f,h2
37bc2f75bf1bcfe8450a1a41c200364c,typescript
3a835d3215755c435ef4fe9965a3f2a0,apollo-server
fae0b27c451c728867a567e8c1bb4e53,ros
86b122d4358357d834a87ce618a55de0,autohotkey
6e7b33fdea3adc80ebd648fffb665bb8,bash
32b30a250abd6331e03a2a1f16466346,OpenMP
b6edc1cd1f36e45daf6d7824d7bb2283,opencl
e0cf1f47118daebc5b16269099ad7347,Hexagon.js
96b9bff013acedfb1d140579e2fbeb63,Intel MKL
71ad16ad2c4d81f348082ff6c4b20768,AVX-512
43fa7f58b7eac7ac872209342e62e8f1,boost-python
afda332245e2af431fb7b672a68b659d,multithread-programming
8e82ab7243b7c66d768f1b8ce1c967eb,리스트뷰
6f2268bd1d3d3ebaabb04d6b5d099425,tcp
2bb232c0b13c774965ef8558f0fbd615,markdown
df263d996281d984952c07998dc54358,wix.com
6d70cb65d15211726dcce4c0e971e21c,msserver
ba3866600c3540f67c1e9575e213be0a,es7
a5bfc9e07964f8dddeb95fc584cd965d,socket
093f65e080a295f8076b1c5722a46aa2,servlet
6aca97005c68f1206823815f66102863,google_api
1595af6435015c77a7149e92a551338e,reactorkit
9dfcd5e558dfa04aaf37f137a1d9d3e5,request
950a4152c2b4aa3ad78bdd6b366cc179,beautifulsoup4
a666587afda6e89aec274a3657558a27,udebug_api
3fe94a002317b5f9259f82690aeea4cd,daum_map_api
9e3cfc48eccf81a0d57663e129aef3cb,서비스강점
28267ab848bcf807b2ed53c3a8f8fc8a,ux/ui기획및분석
f4f6dce2f3a0f9dada0c2b5b66452017,javascritpt
f79921bbae40a577928b76d2fc3edc2a,youtubeapi
f9028faec74be6ec9b852b0a542e2f39,영상처리
bea5955b308361a1b07bc55042e25e54,엑셀
430c3626b879b4005d41b8a46172e0c0,한글
ccc0aa1b81bf81e16c676ddb977c5881,워드
c4015b7f368e6b4871809f49debe0579,파워포인트
ab88b15733f543179858600245108dd8,Neos
ea5d2f1c4608232e07d3aa3d998e5135,d3.js
f387624df552cea2f369918c5e1e12bc,chart.js
7634ea65a4e6d9041cfd3f7de18e334a,toast.js
24896ee4c6526356cc127852413ea3b4,billboard.js
670e8a43b246801ca1eaca97b3e19189,적외선센서
a5e00132373a7031000fd987a3c9f87b,3
2ba596643cbbbc20318224181fa46b28,.mtl
d240e3d38a8882ecad8633c8f9c78c9b,vi활용
c4b31ce7d95c75ca70d50c19aef08bf1,batis
0f28b5d49b3020afeecd95b4009adf4c,slack
437d7d1d97917cd627a34a6a0fb41136,sourcetree
92977ae4d2ba21425a59afb269c2a14e,API Star
be3159ad04564bfb90db9e32851ebf9c,plotly&dash
8757150decbd89b0f5442ca3db4d0e0e,presto
84117275be999ff55a987b9381e01f96,toad
6e0721b2c6977135b916ef286bcb49ec,gensim.lda
cc1aa436277138f61cda703991069eaf,구조체
2ab56412b1163ee131e1246da0955bd1,함수
7b13b2203029ed80337f27127a9f1d28,클래스
89fcd07f20b6785b92134bd6c1d0fa42,storybook
cedebb6e872f539bef8c3f919874e9d7,jest
5807a685d1a9ab3b599035bc566ce2b9,entry
98d6f58ab0dafbb86b083a001561bb34,사용자입장
be83ab3ecd0db773eb2dc1b0a17836a1,excel
7fec306d1e665bc9c748b5d2b99a6e97,openlayers
53c04118df112c13a8c34b38343b9c10,AutoCAD
4ca82782c5372a547c104929f03fe7a9,Altibase
cd89fef7ffdd490db800357f47722b20,dom
c06d06da9666a219db15cf575aff2824,yolo3
9431c87f273e507e6040fcb07dcb4509,구글api
5737c6ec2e0716f3d8a7a5c4e0de0d9a,wordpress
7647966b7343c29048673252e490f736,CATIA
28f0b864598a1291557bed248a998d4e,googlemap
e515df0d202ae52fcebb14295743063b,sensorfilter
afdec7005cc9f14302cd0474fd0f3c96,dmu
e17184bcb70dcf3942c54e0b537ffc6d,cookieandsession
2387337ba1e0b0249ba90f55b2ba2521,network
b706835de79a2b4e80506f582af3676a,websoket
0a0a0c8aaa00ade50f74a3f0ca981ed7,HAProxy
ef8446f35513a8d6aa2308357a268a7e,AWS IoT SiteWise
253614bbac999b38b5b60cae531c4969,AWS Lex
d860edd1dd83b36f02ce52bde626c653,AWS Mobile Hub
3621f1454cacf995530ea53652ddf8fb,Voxel
7bb060764a818184ebb1cc0d43d382aa,wsgi
54b2b21af94108d83c2a909d5b0a6a50,ATmega128
f55cadb97eaff2ba1980e001b0bd9842,Malware analysis
e139c454239bfde741e893edb46a06cc,Dart
34ed066df378efacc9b924ec161e7639,api
270edd69788dce200a3b395a6da6fdb7,Google Cloud Speech-to-Text
d47268e9db2e9aa3827bba3afb7ff94a,AWS IoT Device Management
cbb6a3b884f4f88b3a8e3d44c636cbd8,IDA(Interactive DisAssembler)
c042f4db68f23406c6cecf84a7ebb0fe,googlemapapi
b2f627fff19fda463cb386442eac2b3d,visionapi
68053af2923e00204c3ca7c6a3150cf7,premierepro
13168e6a2e6c84b4b7de9390c0ef5ec5,Apache PDFBox
4e732ced3463d06de0ca9a15b6153677,Jade
db957c626a8cd7a27231adfbf51e20eb,Apache Ant
2b24d495052a8ce66358eb576b8912c8,swing
69421f032498c97020180038fddb8e24,googlecomputeengine
3871bd64012152bfb53fdf04b401193f,travis
2823f4797102ce1a1aec05359cc16dd9,makefile
470e7a4f017a5476afb7eeb3f8b96f9b,sh
fa14d4fe2f19414de3ebd9f63d5c0169,google-mobile-vision
f31b20466ae89669f9741e047487eb37,Apache Nifi
de73998802680548b916f1947ffbad76,AWS CodeStar
fc8001f834f6a5f0561080d134d53d29,pymongo
1a0a283bfe7c549dee6c638a05200e32,Azure Kinect DK
8dd48d6a2e2cad213179a3992c0be53c,http
a9a6653e48976138166de32772b1bf40,jspdf
8eefcfdf5990e441f0fb6f3fad709e21,estimotesdk
1728efbda81692282ba642aafd57be3a,mlab
cbcb58ac2e496207586df2854b17995f,socketio
99c5e07b4d5de9d18c350cdf64c5aa3d,jsmpeg
dd458505749b2941217ddd59394240e8,trackingjs
17c276c8e723eb46aef576537e9d56d0,roboplus
88ae6372cfdc5df69a976e893f4d554b,sql-alchemy
d79aac075930c83c2f1e369a511148fe,ida_pro
287e03db1d99e0ec2edb90d079e142f3,nxc
184260348236f9554fe9375772ff966e,Cypress
afe434653a898da20044041262b3ac74,ATL(ATL Transformation Language)
c65d7bd70fe3e5e3a2f3de681edc193d,NSIS
40008b9a5380fcacce3976bf7c08af5b,LibROSA
7af6266cc52234b5aa339b16695f7fc4,Apache Web Services
3214a6d842cc69597f9edf26df552e43,Apache OFBiz
73278a4a86960eeb576a8fd4c9ec6997,javafx
43baa6762fa81bb43b39c62553b2970d,winapi
f61d6947467ccd3aa5af24db320235dd,pymysql
bca82e41ee7b0833588399b1fcd177c7,nvd3
acf4b89d3d503d8252c9c4ba75ddbf6d,xcode
aa169b49b583a2b5af89203c2b78c67c,iso
f57a2f557b098c43f11ab969efe1504b,엡스토어
5d616dd38211ebb5d6ec52986674b6e4,npm
ef50c335cca9f340bde656363ebd02fd,middleware
7ce3284b743aefde80ffd9aec500e085,lamda
621461af90cadfdaf0e8d4cc25129f91,MPI(Message Passing Interface)
8b6dd7db9af49e67306feb59a8bdc52c,pbs
e97ee2054defb209c35fe4dc94599061,numpy
58c54802a9fb9526cd0923353a34a7ae,mybaits
08c5433a60135c32e34f46a71175850c,googleapi
5a4b25aaed25c2ee1b74de72dc03c14e,ngnix
53fde96fcc4b4ce72d7739202324cd49,i-cralwer
15d4e891d784977cacbfcbb00c48f133,Sencha Touch
1bc0249a6412ef49b07fe6f62e6dc8de,Polymer Project
a284df1155ec3e67286080500df36a9a,SSO
459a4ddcb586f24efd9395aa7662bc7c,LINQ
0f3d014eead934bbdbacb62a01dc4831,AWS CodePipeline
7fb8ceb3bd59c7956b1df66729296a4c,AWS Pinpoint
00ac8ed3b4327bdd4ebbebcb2ba10a00,naveropenapi
ab541d874c7bc19ab77642849e02b89f,Ionic4
10c272d06794d3e5785d5e7c5356e9ff,AJAX
67f7fb873eaf29526a11a9b7ac33bfac,Filebeat
ae5e3ce40e0404a45ecacaaf05e5f735,Lisp
310ce61c90f3a46e340ee8257bc70e93,Prolog
f106b7f99d2cb30c3db1c3cc0fde9ccb,AWS Budgets
64f1f27bf1b4ec22924fd0acb550c235,Google Maven App Engine Plugin
d86ea612dec96096c5e0fcc8dd42ab6d,rest-api
9cf81d8026a9018052c429cc4e56739b,google-extension
185c29dc24325934ee377cfda20e414c,googlemaps
812b4ba287f5ee0bc9d43bbf5bbe87fb,retrofit2
a02ffd91ece5e7efeb46db8f10a74059,raspberrrpi
00ec53c4682d36f5c4359f4ae7bd7ba1,sensor
53e3a7161e428b65688f14b84d61c610,mvp
069d3bb002acd8d7dd095917f9efe4cb,curl
33e8075e9970de0cfea955afd4644bb2,ridge
65658fde58ab3c2b6e5132a39fae7cb9,rasso
7bcdf75ad237b8e02e301f4091fb6bc8,matpotlib
9b72e31dac81715466cd580a448cf823,sgd
10a5ab2db37feedfdeaab192ead4ac0e,pickle
9f396fe44e7c05c16873b05ec425cbad,flickr_api
8fecb20817b3847419bb3de39a609afe,adobe_xd
38913e1d6a7b94cb0f55994f679f5956,celery
8b16ebc056e613024c057be590b542eb,Chalice
9cc138f8dc04cbf16240daa92d8d50e2,d3
d64a340bcb633f536d56e51874281454,raspberrypie
fde9264cf376fffe2ee4ddf4a988880d,windows
25ddc0f8c9d3e22e03d3076f98d83cb2,jdbc
a4f23670e1833f3fdb077ca70bbd5d66,xaml
8cb22bdd0b7ba1ab13d742e22eed8da2,matlab
3cf166c6b73f030b4f67eeaeba301103,pytho
14bfa6bb14875e45bba028a21ed38046,jpa
d1c38a09acc34845c6be3a127a5aacaf,nuxt.js
c5ab0bc60ac7929182aadd08703f1ec6,egovframework
a532400ed62e772b9dc0b86f46e583ff,gnuboard
dc82d632c9fcecb0778afbc7924494a6,autolayout
08419be897405321542838d77f855226,realm
cdc0d6e63aa8e41c89689f54970bb35f,jupyter
a733fa9b25f33689e2adbe72199f0e62,chromdriver
42e77b63637ab381e8be5f8318cc28a2,tkinter
dc6a70712a252123c40d2adba6a11d84,flickr
291597a100aadd814d197af4f4bab3a7,소켓
1905aedab9bf2477edc068a355bba31a,pixel
d96409bf894217686ba124d7356686c9,tomcat
1c383cd30b7c298ab50293adfecb7b18,websocket
06138bc5af6023646ede0e1f7c1eac75,개발
16c222aa19898e5058938167c8ab6c57,숙련도
36a16a2505369e0c922b6ea7a23a56d2,이해
818f4654ed39a1c147d1e51a00ffb4cb,활용
7cce53cf90577442771720a370c3c723,mybais
c2aee86157b4a40b78132f1e71a9e6f1,*
1fb2a1c37b18aa4611c3949d6148d0f8,Autodesk Maya
5fa9e41bfec0725742cc9d15ef594120,Apache Pig